{
  "pointwise": {
    "mse": 203.4498445633739,
    "rmse": 14.26358456221205,
    "mae": 10.422722649574279,
    "bias": 1.360971179008484,
    "r2": 0.8733084488207316
  },
  "eol": {
    "rmse": 14.26358456221205,
    "mae": 10.422722649574279,
    "bias": 1.360971179008484,
    "nasa_score_sum": 373.76317078996345,
    "nasa_score_mean": 3.7376317078996344,
    "num_engines": 100
  },
  "nasa_pointwise": {
    "score_sum": 373.76317078996345,
    "score_mean": 3.7376317078996344
  },
  "nasa_test": {
    "score_sum": 373.76317078996345,
    "score_mean": 3.7376317078996344
  },
  "y_true": [
    112.0,
    98.0,
    69.0,
    82.0,
    91.0,
    93.0,
    91.0,
    95.0,
    111.0,
    96.0,
    97.0,
    124.0,
    95.0,
    107.0,
    83.0,
    84.0,
    50.0,
    28.0,
    87.0,
    16.0,
    57.0,
    111.0,
    113.0,
    20.0,
    125.0,
    119.0,
    66.0,
    97.0,
    90.0,
    115.0,
    8.0,
    48.0,
    106.0,
    7.0,
    11.0,
    19.0,
    21.0,
    50.0,
    125.0,
    28.0,
    18.0,
    10.0,
    59.0,
    109.0,
    114.0,
    47.0,
    125.0,
    92.0,
    21.0,
    79.0,
    114.0,
    29.0,
    26.0,
    97.0,
    125.0,
    15.0,
    103.0,
    37.0,
    114.0,
    100.0,
    21.0,
    54.0,
    72.0,
    28.0,
    125.0,
    14.0,
    77.0,
    8.0,
    121.0,
    94.0,
    118.0,
    50.0,
    125.0,
    125.0,
    113.0,
    10.0,
    34.0,
    107.0,
    63.0,
    90.0,
    8.0,
    9.0,
    125.0,
    58.0,
    118.0,
    89.0,
    116.0,
    115.0,
    125.0,
    28.0,
    38.0,
    20.0,
    85.0,
    55.0,
    125.0,
    125.0,
    82.0,
    59.0,
    117.0,
    20.0
  ],
  "y_pred": [
    122.81612396240234,
    121.91092681884766,
    61.05811309814453,
    102.05257415771484,
    83.15882873535156,
    121.97706604003906,
    105.80758666992188,
    75.88756561279297,
    122.23177337646484,
    76.79220581054688,
    90.35008239746094,
    96.53852081298828,
    70.73657989501953,
    104.04573822021484,
    110.2878646850586,
    97.86983489990234,
    57.443241119384766,
    34.54412078857422,
    94.87604522705078,
    18.641035079956055,
    60.981903076171875,
    122.81529998779297,
    121.65354919433594,
    20.889671325683594,
    122.1252212524414,
    121.30159759521484,
    77.12236022949219,
    92.87896728515625,
    78.60000610351562,
    79.07616424560547,
    8.72002124786377,
    53.84626007080078,
    121.89103698730469,
    5.150705814361572,
    5.629439830780029,
    22.169754028320312,
    19.166221618652344,
    60.684879302978516,
    122.82207489013672,
    30.954753875732422,
    15.471905708312988,
    10.797911643981934,
    67.24153900146484,
    112.93265533447266,
    115.35830688476562,
    44.84954071044922,
    119.27664947509766,
    121.72758483886719,
    18.344993591308594,
    104.29850769042969,
    84.35781860351562,
    33.763946533203125,
    33.06181716918945,
    116.9549560546875,
    121.23299407958984,
    12.203228950500488,
    99.90929412841797,
    40.590545654296875,
    122.14836883544922,
    94.11792755126953,
    25.594375610351562,
    43.39311218261719,
    68.72850036621094,
    24.91779899597168,
    119.4151840209961,
    17.44832992553711,
    119.64330291748047,
    7.400743007659912,
    115.7240982055664,
    80.67195892333984,
    101.11041259765625,
    61.488059997558594,
    114.57182312011719,
    120.07001495361328,
    111.7152328491211,
    5.257457256317139,
    32.202735900878906,
    122.1075210571289,
    103.63671875,
    87.7170639038086,
    5.907670497894287,
    12.297890663146973,
    108.9776840209961,
    69.07965850830078,
    122.7420654296875,
    114.87006378173828,
    121.74756622314453,
    88.96514129638672,
    115.8541030883789,
    33.04143142700195,
    25.9888916015625,
    25.781871795654297,
    46.994510650634766,
    61.679901123046875,
    101.73506927490234,
    121.81243133544922,
    100.87461853027344,
    68.17156219482422,
    122.51226043701172,
    23.102073669433594
  ],
  "unit_ids": [
    1,
    2,
    3,
    4,
    5,
    6,
    7,
    8,
    9,
    10,
    11,
    12,
    13,
    14,
    15,
    16,
    17,
    18,
    19,
    20,
    21,
    22,
    23,
    24,
    25,
    26,
    27,
    28,
    29,
    30,
    31,
    32,
    33,
    34,
    35,
    36,
    37,
    38,
    39,
    40,
    41,
    42,
    43,
    44,
    45,
    46,
    47,
    48,
    49,
    50,
    51,
    52,
    53,
    54,
    55,
    56,
    57,
    58,
    59,
    60,
    61,
    62,
    63,
    64,
    65,
    66,
    67,
    68,
    69,
    70,
    71,
    72,
    73,
    74,
    75,
    76,
    77,
    78,
    79,
    80,
    81,
    82,
    83,
    84,
    85,
    86,
    87,
    88,
    89,
    90,
    91,
    92,
    93,
    94,
    95,
    96,
    97,
    98,
    99,
    100
  ]
}