{
  "experiment_name": "fd004_phase2_transformer",
  "dataset": "FD004",
  "phase": "phase2_transformer",
  "encoder_type": "transformer",
  "hidden_dim": 48,
  "transformer_nhead": 4,
  "transformer_dim_feedforward": 256,
  "use_condition_embedding": true,
  "cond_emb_dim": 4,
  "smooth_hi_weight": 0.02,
  "rul_beta": 45.0,
  "health_loss_weight": 0.35,
  "mono_late_weight": 0.03,
  "mono_global_weight": 0.003,
  "val_rmse": 20.772104278625925,
  "val_mae": 14.273179054260254,
  "val_bias": -7.176058769226074,
  "val_r2": 0.7470462322235107,
  "val_nasa_mean": 26.55749377002492,
  "test_rmse": 21.966234155177343,
  "test_mae": 16.453671710866114,
  "test_bias": -5.175810377203649,
  "test_r2": 0.7388108391217543,
  "test_nasa_mean": 10.751429839125235
}