{
  "experiment_name": "fd002_phase2_lstm_baseline",
  "dataset": "FD002",
  "phase": "phase2",
  "encoder_type": "lstm",
  "hidden_dim": 50,
  "num_layers": 2,
  "dropout": 0.1,
  "bidirectional": false,
  "use_condition_embedding": true,
  "cond_emb_dim": 4,
  "smooth_hi_weight": 0.02,
  "rul_beta": 45.0,
  "health_loss_weight": 0.35,
  "mono_late_weight": 0.03,
  "mono_global_weight": 0.003,
  "hi_condition_calib_weight": 0.0,
  "val_rmse": 24.932310706942108,
  "val_mae": 19.328140258789062,
  "val_bias": -7.874300956726074,
  "val_r2": 0.643634557723999,
  "val_nasa_mean": 20.456247613723136,
  "test_rmse": 22.48115217015364,
  "test_mae": 17.147418664919364,
  "test_bias": -6.195707857148528,
  "test_r2": 0.7258881658367891,
  "test_nasa_mean": 13.754472342977932
}