{
  "experiment_name": "fd004_transformer_encoder_ms_dt_v1",
  "dataset": "FD004",
  "phase": "phase1",
  "encoder_type": "transformer_encoder_v1",
  "d_model": 64,
  "n_heads": 4,
  "num_layers": 3,
  "dim_feedforward": 256,
  "dropout": 0.1,
  "use_condition_embedding": true,
  "cond_emb_dim": 4,
  "smooth_hi_weight": 0.02,
  "rul_beta": 45.0,
  "health_loss_weight": 0.3,
  "mono_late_weight": 0.02,
  "mono_global_weight": 0.003,
  "hi_condition_calib_weight": 0.0,
  "rul_head_type": "linear",
  "use_piecewise_rul_mapping": false,
  "rul_head_hidden_dim": null,
  "rul_head_num_layers": null,
  "rul_head_dropout": null,
  "rul_head_use_skip": null,
  "rul_head_use_hi_fusion": null,
  "features": {
    "use_multiscale_features": true,
    "multiscale": {
      "windows_short": [
        10
      ],
      "windows_medium": [
        30
      ],
      "windows_long": [
        60,
        120
      ]
    }
  },
  "condition_vector_version": 3,
  "phys_features": {
    "use_condition_vector": true,
    "condition_vector_version": 3,
    "use_digital_twin_residuals": true,
    "twin_baseline_len": 30
  },
  "val_metrics": {
    "rmse": 17.36400668127445,
    "mae": 12.78458309173584,
    "bias": -5.10879373550415,
    "r2": 0.8232415914535522,
    "nasa_mean": 29.568357289070843,
    "nasa_sum": 332230.0625
  },
  "test_metrics": {
    "rmse": 18.284758173275925,
    "mae": 13.638348475038525,
    "bias": -2.676884808307213,
    "r2": 0.8190234210308398,
    "nasa_mean": 10.230503568318051,
    "nasa_sum": 2537.1648849428766,
    "num_engines": 248
  },
  "val_rmse": 17.36400668127445,
  "val_mae": 12.78458309173584,
  "val_bias": -5.10879373550415,
  "val_r2": 0.8232415914535522,
  "val_nasa_mean": 29.568357289070843,
  "test_rmse": 18.284758173275925,
  "test_mae": 13.638348475038525,
  "test_bias": -2.676884808307213,
  "test_r2": 0.8190234210308398,
  "test_nasa_mean": 10.230503568318051
}