{
  "experiment_name": "fd004_phase3_universal_v1",
  "dataset": "FD004",
  "phase": "phase2",
  "encoder_type": "universal_v1",
  "d_model": 48,
  "cnn_channels": null,
  "num_layers": 3,
  "nhead": 4,
  "dim_feedforward": 256,
  "dropout": 0.1,
  "max_seq_len": 300,
  "use_condition_embedding": true,
  "cond_emb_dim": 4,
  "smooth_hi_weight": 0.02,
  "rul_beta": 45.0,
  "health_loss_weight": 0.35,
  "mono_late_weight": 0.03,
  "mono_global_weight": 0.003,
  "hi_condition_calib_weight": 0.0,
  "val_rmse": 27.068695839171745,
  "val_mae": 21.872007369995117,
  "val_bias": -8.371732711791992,
  "val_r2": 0.5704488754272461,
  "val_nasa_mean": 55.548905304378785,
  "test_rmse": 26.1858733810257,
  "test_mae": 21.171391510194347,
  "test_bias": -3.452066175399288,
  "test_r2": 0.6288255619289391,
  "test_nasa_mean": 27.844212195973288
}