{
  "pointwise": {
    "mse": 603.0246984459825,
    "rmse": 24.55656120970488,
    "mae": 17.35162477916287,
    "bias": 3.4098312643266495,
    "r2": 0.6735782921066131
  },
  "eol": {
    "rmse": 24.55656120970488,
    "mae": 17.35162477916287,
    "bias": 3.4098312643266495,
    "nasa_score_sum": 20932.215262988764,
    "nasa_score_mean": 84.40409380237405,
    "num_engines": 248
  },
  "nasa_pointwise": {
    "score_sum": 20932.215262988764,
    "score_mean": 84.40409380237405
  },
  "nasa_test": {
    "score_sum": 20932.215262988764,
    "score_mean": 84.40409380237405
  },
  "y_true": [
    22.0,
    39.0,
    107.0,
    75.0,
    125.0,
    78.0,
    94.0,
    14.0,
    99.0,
    125.0,
    125.0,
    7.0,
    71.0,
    105.0,
    12.0,
    125.0,
    125.0,
    104.0,
    125.0,
    82.0,
    91.0,
    11.0,
    26.0,
    125.0,
    39.0,
    92.0,
    76.0,
    124.0,
    64.0,
    118.0,
    6.0,
    22.0,
    125.0,
    125.0,
    36.0,
    73.0,
    89.0,
    11.0,
    125.0,
    10.0,
    97.0,
    30.0,
    42.0,
    60.0,
    85.0,
    125.0,
    34.0,
    45.0,
    24.0,
    86.0,
    119.0,
    125.0,
    125.0,
    125.0,
    125.0,
    67.0,
    97.0,
    8.0,
    125.0,
    125.0,
    51.0,
    33.0,
    125.0,
    46.0,
    12.0,
    125.0,
    46.0,
    46.0,
    12.0,
    33.0,
    15.0,
    125.0,
    23.0,
    89.0,
    124.0,
    125.0,
    25.0,
    74.0,
    78.0,
    114.0,
    96.0,
    10.0,
    125.0,
    125.0,
    115.0,
    70.0,
    94.0,
    56.0,
    86.0,
    96.0,
    50.0,
    73.0,
    125.0,
    125.0,
    125.0,
    71.0,
    105.0,
    113.0,
    37.0,
    7.0,
    13.0,
    22.0,
    9.0,
    120.0,
    100.0,
    107.0,
    41.0,
    125.0,
    125.0,
    59.0,
    18.0,
    66.0,
    13.0,
    14.0,
    125.0,
    13.0,
    75.0,
    8.0,
    109.0,
    125.0,
    41.0,
    125.0,
    23.0,
    86.0,
    125.0,
    15.0,
    125.0,
    125.0,
    120.0,
    125.0,
    101.0,
    116.0,
    125.0,
    36.0,
    7.0,
    122.0,
    125.0,
    88.0,
    125.0,
    125.0,
    125.0,
    108.0,
    53.0,
    125.0,
    59.0,
    100.0,
    56.0,
    125.0,
    76.0,
    57.0,
    31.0,
    88.0,
    125.0,
    34.0,
    7.0,
    125.0,
    125.0,
    6.0,
    22.0,
    83.0,
    82.0,
    84.0,
    95.0,
    125.0,
    111.0,
    72.0,
    109.0,
    87.0,
    125.0,
    125.0,
    125.0,
    12.0,
    8.0,
    10.0,
    123.0,
    103.0,
    12.0,
    106.0,
    12.0,
    32.0,
    37.0,
    116.0,
    15.0,
    10.0,
    46.0,
    125.0,
    24.0,
    125.0,
    56.0,
    43.0,
    125.0,
    71.0,
    104.0,
    15.0,
    125.0,
    89.0,
    36.0,
    11.0,
    92.0,
    96.0,
    59.0,
    13.0,
    125.0,
    125.0,
    125.0,
    109.0,
    116.0,
    91.0,
    11.0,
    88.0,
    108.0,
    76.0,
    14.0,
    89.0,
    125.0,
    17.0,
    66.0,
    125.0,
    41.0,
    125.0,
    73.0,
    39.0,
    58.0,
    14.0,
    125.0,
    88.0,
    125.0,
    125.0,
    120.0,
    98.0,
    33.0,
    125.0,
    110.0,
    68.0,
    24.0,
    75.0,
    18.0,
    16.0,
    125.0,
    98.0,
    125.0,
    81.0,
    118.0,
    35.0,
    125.0,
    125.0,
    112.0,
    26.0
  ],
  "y_pred": [
    90.2400131225586,
    84.21804809570312,
    124.59234619140625,
    102.49540710449219,
    102.08100891113281,
    124.11393737792969,
    64.40113830566406,
    15.542343139648438,
    105.17487335205078,
    123.95869445800781,
    98.36628723144531,
    10.143226623535156,
    95.37893676757812,
    80.21358489990234,
    50.97883987426758,
    124.52713775634766,
    91.522216796875,
    114.95155334472656,
    123.93756103515625,
    47.79345703125,
    77.25629425048828,
    19.672290802001953,
    35.349822998046875,
    122.162109375,
    21.83794593811035,
    80.71881866455078,
    67.8588638305664,
    123.64140319824219,
    90.64353942871094,
    90.90036010742188,
    44.83563995361328,
    21.255399703979492,
    122.09832763671875,
    123.46620178222656,
    27.605295181274414,
    124.34978485107422,
    77.91070556640625,
    21.242313385009766,
    121.08866882324219,
    25.758106231689453,
    110.06338500976562,
    65.69932556152344,
    65.2384033203125,
    51.44219207763672,
    84.39427947998047,
    125.0,
    25.217676162719727,
    74.2078857421875,
    44.71119689941406,
    123.9858169555664,
    122.76365661621094,
    123.125244140625,
    102.39521789550781,
    68.75252532958984,
    124.20475006103516,
    120.68946838378906,
    123.64530181884766,
    23.48227882385254,
    123.734130859375,
    118.43063354492188,
    50.5728759765625,
    61.61106872558594,
    106.1823501586914,
    49.232887268066406,
    36.09718322753906,
    114.54935455322266,
    44.687076568603516,
    55.653533935546875,
    33.457847595214844,
    42.387786865234375,
    15.213482856750488,
    124.04120635986328,
    22.17988395690918,
    99.46342468261719,
    105.58722686767578,
    125.0,
    81.70698547363281,
    85.89797973632812,
    84.30868530273438,
    70.75759887695312,
    122.3747787475586,
    59.98235321044922,
    113.02183532714844,
    114.54827880859375,
    117.38985443115234,
    56.48151397705078,
    116.01873779296875,
    119.75562286376953,
    63.23059844970703,
    78.65467834472656,
    60.91287612915039,
    95.18307495117188,
    122.95673370361328,
    121.41187286376953,
    121.08769226074219,
    59.49978256225586,
    96.8420639038086,
    123.55494689941406,
    62.35653305053711,
    27.841218948364258,
    20.319318771362305,
    8.758707046508789,
    32.73416519165039,
    118.50700378417969,
    68.16572570800781,
    42.33209991455078,
    116.78965759277344,
    104.3197021484375,
    123.82762908935547,
    40.45025634765625,
    21.05558967590332,
    98.68018341064453,
    35.82908630371094,
    27.343656539916992,
    110.20989227294922,
    17.42133903503418,
    103.10969543457031,
    16.572858810424805,
    93.53244018554688,
    115.41534423828125,
    41.837303161621094,
    123.58982849121094,
    35.15382766723633,
    40.88667297363281,
    124.43434143066406,
    20.689407348632812,
    111.16311645507812,
    122.76174926757812,
    120.06101989746094,
    88.54905700683594,
    93.18980407714844,
    69.89971160888672,
    123.80743408203125,
    64.54702758789062,
    6.745772838592529,
    122.81655883789062,
    67.82945251464844,
    70.20362854003906,
    125.0,
    103.49305725097656,
    114.07001495361328,
    121.98912048339844,
    54.47380065917969,
    118.97753143310547,
    59.066619873046875,
    121.5497055053711,
    66.44586944580078,
    107.30990600585938,
    99.12887573242188,
    31.210622787475586,
    31.029268264770508,
    100.85782623291016,
    121.53863525390625,
    75.94642639160156,
    41.80427932739258,
    98.79531860351562,
    124.18052673339844,
    3.496809482574463,
    19.0819149017334,
    124.39725494384766,
    124.23429107666016,
    79.08819580078125,
    95.3261947631836,
    124.05731201171875,
    107.45362854003906,
    77.46736907958984,
    98.89647674560547,
    96.43495178222656,
    124.39409637451172,
    124.35057830810547,
    106.11750030517578,
    81.48973083496094,
    14.941361427307129,
    104.29806518554688,
    48.006568908691406,
    115.99650573730469,
    65.91534423828125,
    114.6495361328125,
    8.244125366210938,
    26.343263626098633,
    13.710905075073242,
    124.97187805175781,
    37.97063064575195,
    46.876434326171875,
    54.511497497558594,
    123.03099060058594,
    59.0225715637207,
    121.687255859375,
    88.26518249511719,
    71.29876708984375,
    111.30353546142578,
    80.55276489257812,
    114.00767517089844,
    21.267366409301758,
    122.8162612915039,
    119.58709716796875,
    41.80162048339844,
    40.052833557128906,
    50.1523323059082,
    54.639366149902344,
    121.19439697265625,
    6.4517903327941895,
    124.32089233398438,
    109.41085052490234,
    91.4836654663086,
    119.81307983398438,
    123.21363830566406,
