{
  "pointwise": {
    "mse": 135.63128958604582,
    "rmse": 11.646084732048184,
    "mae": 7.718237771987915,
    "bias": 1.3942663097381591,
    "r2": 0.9115822387622923
  },
  "eol": {
    "rmse": 11.646084732048184,
    "mae": 7.718237771987915,
    "bias": 1.3942663097381591,
    "nasa_score_sum": 244.74805613400133,
    "nasa_score_mean": 2.4474805613400132,
    "num_engines": 100
  },
  "nasa_pointwise": {
    "score_sum": 244.74805613400133,
    "score_mean": 2.4474805613400132
  },
  "nasa_test": {
    "score_sum": 244.74805613400133,
    "score_mean": 2.4474805613400132
  },
  "y_true": [
    44.0,
    51.0,
    27.0,
    120.0,
    101.0,
    99.0,
    71.0,
    55.0,
    55.0,
    66.0,
    77.0,
    115.0,
    115.0,
    31.0,
    108.0,
    56.0,
    125.0,
    125.0,
    85.0,
    56.0,
    18.0,
    119.0,
    78.0,
    9.0,
    58.0,
    11.0,
    88.0,
    125.0,
    124.0,
    89.0,
    79.0,
    55.0,
    71.0,
    65.0,
    87.0,
    125.0,
    125.0,
    22.0,
    8.0,
    41.0,
    125.0,
    115.0,
    125.0,
    69.0,
    111.0,
    7.0,
    125.0,
    55.0,
    125.0,
    11.0,
    78.0,
    120.0,
    87.0,
    87.0,
    55.0,
    93.0,
    88.0,
    40.0,
    49.0,
    125.0,
    125.0,
    58.0,
    117.0,
    28.0,
    115.0,
    87.0,
    92.0,
    103.0,
    100.0,
    63.0,
    35.0,
    45.0,
    99.0,
    117.0,
    45.0,
    27.0,
    86.0,
    20.0,
    18.0,
    125.0,
    15.0,
    6.0,
    125.0,
    104.0,
    56.0,
    25.0,
    68.0,
    125.0,
    41.0,
    51.0,
    81.0,
    14.0,
    67.0,
    10.0,
    125.0,
    113.0,
    123.0,
    17.0,
    8.0,
    28.0
  ],
  "y_pred": [
    47.05473709106445,
    43.058536529541016,
    28.505081176757812,
    123.01204681396484,
    106.54991912841797,
    117.06888580322266,
    65.99490356445312,
    50.209041595458984,
    53.96116638183594,
    72.88506317138672,
    68.68189239501953,
    121.3023910522461,
    114.15538024902344,
    27.835712432861328,
    124.67002868652344,
    73.3150863647461,
    122.890869140625,
    107.89466094970703,
    121.77317810058594,
    57.223548889160156,
    18.429054260253906,
    116.60563659667969,
    84.06314849853516,
    9.65493106842041,
    43.371891021728516,
    10.686105728149414,
    102.75837707519531,
    124.65296173095703,
    117.56550598144531,
    89.30931854248047,
    85.412109375,
    59.04610824584961,
    74.5445785522461,
    89.37045288085938,
    104.15274810791016,
    113.0140151977539,
    124.94129180908203,
    24.380130767822266,
    5.058271408081055,
    38.56110763549805,
    124.72581481933594,
    111.44278717041016,
    124.90264129638672,
    60.63486862182617,
    124.83260345458984,
    8.528090476989746,
    113.8570327758789,
    52.30464553833008,
    120.90693664550781,
    11.809670448303223,
    88.67540740966797,
    120.51203918457031,
    101.54862213134766,
    124.07955169677734,
    42.61085891723633,
    82.39998626708984,
    85.25922393798828,
    44.969974517822266,
    41.43834686279297,
    109.85535430908203,
    123.5416030883789,
    59.8375358581543,
    121.39710235595703,
    29.889183044433594,
    124.15428924560547,
    88.4024429321289,
    96.01483917236328,
    93.15204620361328,
    124.46630096435547,
    75.13225555419922,
    33.57160568237305,
    47.34788131713867,
    95.2617416381836,
    124.61921691894531,
    50.08873748779297,
    24.897592544555664,
    82.42842102050781,
    20.76015853881836,
    21.862648010253906,
    122.56571197509766,
    18.197174072265625,
    5.732822418212891,
    94.43737030029297,
    86.60259246826172,
    81.71756744384766,
    22.131725311279297,
    67.06975555419922,
    122.869384765625,
    59.98081970214844,
    57.1949348449707,
    112.8108139038086,
    13.566786766052246,
    59.673912048339844,
    11.067708015441895,
    88.19576263427734,
    92.27334594726562,
    123.77564239501953,
    21.243614196777344,
    12.227455139160156,
    26.35179901123047
  ],
  "unit_ids": [
    1,
    2,
    3,
    4,
    5,
    6,
    7,
    8,
    9,
    10,
    11,
    12,
    13,
    14,
    15,
    16,
    17,
    18,
    19,
    20,
    21,
    22,
    23,
    24,
    25,
    26,
    27,
    28,
    29,
    30,
    31,
    32,
    33,
    34,
    35,
    36,
    37,
    38,
    39,
    40,
    41,
    42,
    43,
    44,
    45,
    46,
    47,
    48,
    49,
    50,
    51,
    52,
    53,
    54,
    55,
    56,
    57,
    58,
    59,
    60,
    61,
    62,
    63,
    64,
    65,
    66,
    67,
    68,
    69,
    70,
    71,
    72,
    73,
    74,
    75,
    76,
    77,
    78,
    79,
    80,
    81,
    82,
    83,
    84,
    85,
    86,
    87,
    88,
    89,
    90,
    91,
    92,
    93,
    94,
    95,
    96,
    97,
    98,
    99,
    100
  ]
}