{
  "pointwise": {
    "mse": 705.3809893648983,
    "rmse": 26.559009570480942,
    "mae": 19.848214437884668,
    "bias": 6.822874572969252,
    "r2": 0.6181720784283226
  },
  "eol": {
    "rmse": 26.559009570480942,
    "mae": 19.848214437884668,
    "bias": 6.822874572969252,
    "nasa_score_sum": 25069.1077057902,
    "nasa_score_mean": 101.08511171689597,
    "num_engines": 248
  },
  "nasa_pointwise": {
    "score_sum": 25069.1077057902,
    "score_mean": 101.08511171689597
  },
  "nasa_test": {
    "score_sum": 25069.1077057902,
    "score_mean": 101.08511171689597
  },
  "y_true": [
    22.0,
    39.0,
    107.0,
    75.0,
    125.0,
    78.0,
    94.0,
    14.0,
    99.0,
    125.0,
    125.0,
    7.0,
    71.0,
    105.0,
    12.0,
    125.0,
    125.0,
    104.0,
    125.0,
    82.0,
    91.0,
    11.0,
    26.0,
    125.0,
    39.0,
    92.0,
    76.0,
    124.0,
    64.0,
    118.0,
    6.0,
    22.0,
    125.0,
    125.0,
    36.0,
    73.0,
    89.0,
    11.0,
    125.0,
    10.0,
    97.0,
    30.0,
    42.0,
    60.0,
    85.0,
    125.0,
    34.0,
    45.0,
    24.0,
    86.0,
    119.0,
    125.0,
    125.0,
    125.0,
    125.0,
    67.0,
    97.0,
    8.0,
    125.0,
    125.0,
    51.0,
    33.0,
    125.0,
    46.0,
    12.0,
    125.0,
    46.0,
    46.0,
    12.0,
    33.0,
    15.0,
    125.0,
    23.0,
    89.0,
    124.0,
    125.0,
    25.0,
    74.0,
    78.0,
    114.0,
    96.0,
    10.0,
    125.0,
    125.0,
    115.0,
    70.0,
    94.0,
    56.0,
    86.0,
    96.0,
    50.0,
    73.0,
    125.0,
    125.0,
    125.0,
    71.0,
    105.0,
    113.0,
    37.0,
    7.0,
    13.0,
    22.0,
    9.0,
    120.0,
    100.0,
    107.0,
    41.0,
    125.0,
    125.0,
    59.0,
    18.0,
    66.0,
    13.0,
    14.0,
    125.0,
    13.0,
    75.0,
    8.0,
    109.0,
    125.0,
    41.0,
    125.0,
    23.0,
    86.0,
    125.0,
    15.0,
    125.0,
    125.0,
    120.0,
    125.0,
    101.0,
    116.0,
    125.0,
    36.0,
    7.0,
    122.0,
    125.0,
    88.0,
    125.0,
    125.0,
    125.0,
    108.0,
    53.0,
    125.0,
    59.0,
    100.0,
    56.0,
    125.0,
    76.0,
    57.0,
    31.0,
    88.0,
    125.0,
    34.0,
    7.0,
    125.0,
    125.0,
    6.0,
    22.0,
    83.0,
    82.0,
    84.0,
    95.0,
    125.0,
    111.0,
    72.0,
    109.0,
    87.0,
    125.0,
    125.0,
    125.0,
    12.0,
    8.0,
    10.0,
    123.0,
    103.0,
    12.0,
    106.0,
    12.0,
    32.0,
    37.0,
    116.0,
    15.0,
    10.0,
    46.0,
    125.0,
    24.0,
    125.0,
    56.0,
    43.0,
    125.0,
    71.0,
    104.0,
    15.0,
    125.0,
    89.0,
    36.0,
    11.0,
    92.0,
    96.0,
    59.0,
    13.0,
    125.0,
    125.0,
    125.0,
    109.0,
    116.0,
    91.0,
    11.0,
    88.0,
    108.0,
    76.0,
    14.0,
    89.0,
    125.0,
    17.0,
    66.0,
    125.0,
    41.0,
    125.0,
    73.0,
    39.0,
    58.0,
    14.0,
    125.0,
    88.0,
    125.0,
    125.0,
    120.0,
    98.0,
    33.0,
    125.0,
    110.0,
    68.0,
    24.0,
    75.0,
    18.0,
    16.0,
    125.0,
    98.0,
    125.0,
    81.0,
    118.0,
    35.0,
    125.0,
    125.0,
    112.0,
    26.0
  ],
  "y_pred": [
    55.565006256103516,
    64.98536682128906,
    124.69755554199219,
    125.0,
    79.07167053222656,
    124.97220611572266,
    60.61891555786133,
    25.571447372436523,
    122.77367401123047,
    125.0,
    104.53817749023438,
    20.9616756439209,
    125.0,
    81.54288482666016,
    33.26778030395508,
    111.31715393066406,
    106.63700866699219,
    79.76893615722656,
    125.0,
    57.680816650390625,
    104.56924438476562,
    34.685176849365234,
    33.97577667236328,
    100.39540100097656,
    40.06023025512695,
    116.94908142089844,
    71.31806182861328,
    125.0,
    108.44903564453125,
    98.5344009399414,
    23.004283905029297,
    15.88119125366211,
    125.0,
    123.20069885253906,
    24.427001953125,
    106.08436584472656,
    101.02301025390625,
    34.697792053222656,
    101.91390228271484,
    34.31404113769531,
    99.48249816894531,
    37.48128128051758,
    77.65855407714844,
    44.59331130981445,
    99.82220458984375,
    80.07263946533203,
    21.671878814697266,
    118.26335144042969,
    42.0926628112793,
    125.0,
    118.2600326538086,
    124.66793823242188,
    123.41423034667969,
    93.08316040039062,
    118.08219909667969,
    108.24833679199219,
    125.0,
    39.08129119873047,
    125.0,
    123.42140197753906,
    44.999881744384766,
    56.63339614868164,
    106.32550048828125,
    106.84530639648438,
    50.99508285522461,
    85.1865234375,
    75.98414611816406,
    46.0240364074707,
    15.008185386657715,
    62.618473052978516,
    37.88801956176758,
    121.00836944580078,
    60.338294982910156,
    97.21026611328125,
    105.31185913085938,
    125.0,
    97.80651092529297,
    115.85191345214844,
    58.1483268737793,
    58.59406661987305,
    114.59247589111328,
    39.808746337890625,
    124.47697448730469,
    120.47846221923828,
    114.5381851196289,
    73.09537506103516,
    122.93885040283203,
    120.8119125366211,
    68.83570861816406,
    99.1871337890625,
    76.81585693359375,
    102.71585083007812,
    125.0,
    123.70904541015625,
    122.23051452636719,
    91.64885711669922,
    92.742431640625,
    100.59182739257812,
    106.93685913085938,
    39.73980712890625,
    18.92758560180664,
    22.237262725830078,
    57.3713264465332,
    125.0,
    76.20470428466797,
    114.51354217529297,
    99.921630859375,
    102.05181121826172,
    125.0,
    85.00083923339844,
    30.21503448486328,
    82.02918243408203,
    36.39949417114258,
    50.28278732299805,
    97.98931121826172,
    18.370452880859375,
    108.39137268066406,
    23.28380584716797,
    114.39588928222656,
    97.63335418701172,
    59.205902099609375,
    124.65885925292969,
    64.83688354492188,
    45.01602554321289,
    125.0,
    30.053504943847656,
    123.18600463867188,
    124.30332946777344,
    109.2518310546875,
    124.50228881835938,
    85.25910949707031,
    76.13206481933594,
    124.94540405273438,
    28.876073837280273,
    15.605029106140137,
    110.76715087890625,
    59.62661361694336,
    114.18524169921875,
    124.89999389648438,
    116.79363250732422,
    107.61425018310547,
    125.0,
    41.89658737182617,
    103.31736755371094,
    71.09416961669922,
    106.06101989746094,
    92.47895812988281,
    111.37419128417969,
    114.99455261230469,
    36.04513168334961,
    6.57843017578125,
    111.93476867675781,
    104.56497955322266,
    65.24139404296875,
    27.769657135009766,
    125.0,
    123.47262573242188,
    12.091343879699707,
    59.68960189819336,
    97.01968383789062,
    125.0,
    75.61043548583984,
    97.22763061523438,
    125.0,
    124.35747528076172,
    124.72100830078125,
    91.68891143798828,
    101.8687515258789,
    125.0,
    69.71684265136719,
    118.12995147705078,
    108.09596252441406,
    18.481365203857422,
    46.19502639770508,
    124.71269989013672,
    50.06013870239258,
    57.148433685302734,
    123.28617858886719,
    22.216175079345703,
    31.803186416625977,
    24.610401153564453,
    120.64593505859375,
    50.231990814208984,
    30.572521209716797,
    60.41250991821289,
    91.25505828857422,
    69.2629165649414,
    91.68547058105469,
    114.1988754272461,
    94.41191101074219,
    108.36210632324219,
    78.510986328125,
    81.45063781738281,
    36.35927200317383,
    123.73838806152344,
    123.25636291503906,
    49.51048278808594,
    29.99748420715332,
    104.71957397460938,
    124.53895568847656,
    124.69337463378906,
    6.932923316955566,
    125.0,
    124.69602966308594,
    103.13043212890625,
    116.76683044433594,
    85.11251831054688,
    88.10310363769531,
    29.581310272216797,
    120.77815246582031,
    124.45629119873047,
    81.50480651855469,
    30.067358016967773,
    111.73587036132812,
    125.0,
    12.94971752166748,
