{
  "experiment_name": "fd004_phase2_lstm_baseline",
  "dataset": "FD004",
  "phase": "phase2",
  "encoder_type": "lstm",
  "hidden_dim": 50,
  "num_layers": 2,
  "dropout": 0.1,
  "bidirectional": false,
  "use_condition_embedding": true,
  "cond_emb_dim": 4,
  "smooth_hi_weight": 0.02,
  "rul_beta": 45.0,
  "health_loss_weight": 0.35,
  "mono_late_weight": 0.03,
  "mono_global_weight": 0.003,
  "hi_condition_calib_weight": 0.0,
  "val_rmse": 25.06992661942043,
  "val_mae": 19.736358642578125,
  "val_bias": -8.471774101257324,
  "val_r2": 0.6315434575080872,
  "val_nasa_mean": 39.46169399697401,
  "test_rmse": 25.500408085278128,
  "test_mae": 19.70449918700803,
  "test_bias": -4.948492084780047,
  "test_r2": 0.6480036228008412,
  "test_nasa_mean": 77.87941602218343
}