{
  "pointwise": {
    "mse": 128.76205299049332,
    "rmse": 11.347336823699793,
    "mae": 7.821693534851074,
    "bias": 0.6237485122680664,
    "r2": 0.9160602800980681
  },
  "eol": {
    "rmse": 11.347336823699793,
    "mae": 7.821693534851074,
    "bias": 0.6237485122680664,
    "nasa_score_sum": 207.47737043589436,
    "nasa_score_mean": 2.0747737043589436,
    "num_engines": 100
  },
  "nasa_pointwise": {
    "score_sum": 207.47737043589436,
    "score_mean": 2.0747737043589436
  },
  "nasa_test": {
    "score_sum": 207.47737043589436,
    "score_mean": 2.0747737043589436
  },
  "y_true": [
    44.0,
    51.0,
    27.0,
    120.0,
    101.0,
    99.0,
    71.0,
    55.0,
    55.0,
    66.0,
    77.0,
    115.0,
    115.0,
    31.0,
    108.0,
    56.0,
    125.0,
    125.0,
    85.0,
    56.0,
    18.0,
    119.0,
    78.0,
    9.0,
    58.0,
    11.0,
    88.0,
    125.0,
    124.0,
    89.0,
    79.0,
    55.0,
    71.0,
    65.0,
    87.0,
    125.0,
    125.0,
    22.0,
    8.0,
    41.0,
    125.0,
    115.0,
    125.0,
    69.0,
    111.0,
    7.0,
    125.0,
    55.0,
    125.0,
    11.0,
    78.0,
    120.0,
    87.0,
    87.0,
    55.0,
    93.0,
    88.0,
    40.0,
    49.0,
    125.0,
    125.0,
    58.0,
    117.0,
    28.0,
    115.0,
    87.0,
    92.0,
    103.0,
    100.0,
    63.0,
    35.0,
    45.0,
    99.0,
    117.0,
    45.0,
    27.0,
    86.0,
    20.0,
    18.0,
    125.0,
    15.0,
    6.0,
    125.0,
    104.0,
    56.0,
    25.0,
    68.0,
    125.0,
    41.0,
    51.0,
    81.0,
    14.0,
    67.0,
    10.0,
    125.0,
    113.0,
    123.0,
    17.0,
    8.0,
    28.0
  ],
  "y_pred": [
    46.68195724487305,
    47.165618896484375,
    28.55879783630371,
    121.81571197509766,
    93.71599578857422,
    117.67634582519531,
    53.439781188964844,
    51.041053771972656,
    50.86384963989258,
    76.8057861328125,
    85.93397521972656,
    116.08157348632812,
    102.56555938720703,
    30.450992584228516,
    124.14480590820312,
    59.670509338378906,
    123.81680297851562,
    120.87701416015625,
    117.66764068603516,
    55.93296813964844,
    20.623104095458984,
    119.96945190429688,
    74.95149993896484,
    12.975028991699219,
    46.11882019042969,
    14.324100494384766,
    115.79730987548828,
    123.9655532836914,
    99.00159454345703,
    83.56439971923828,
    92.6095962524414,
    62.52009582519531,
    75.95723724365234,
    72.46823120117188,
    99.98001861572266,
    123.52826690673828,
    124.24501037597656,
    32.184349060058594,
    7.403068542480469,
    40.36508560180664,
    124.20914459228516,
    112.09856414794922,
    123.26265716552734,
    59.520957946777344,
    123.7540054321289,
    8.444522857666016,
    99.6951675415039,
    51.462310791015625,
    124.12757110595703,
    16.232769012451172,
    86.36083221435547,
    123.56712341308594,
    92.6497802734375,
    115.29985809326172,
    44.868492126464844,
    76.2765121459961,
    60.35169219970703,
    41.112388610839844,
    45.840816497802734,
    106.72942352294922,
    123.90797424316406,
    58.73634338378906,
    123.74604034423828,
    25.780607223510742,
    123.20252990722656,
    80.00589752197266,
    112.09080505371094,
    91.54678344726562,
    124.094482421875,
    96.00516510009766,
    40.37713623046875,
    49.65555191040039,
    90.86009979248047,
    124.18336486816406,
    47.206764221191406,
    26.222185134887695,
    75.70545196533203,
    21.680198669433594,
    20.89861488342285,
    115.89714813232422,
    19.40639877319336,
    6.032875061035156,
    111.9551010131836,
    101.20307159423828,
    81.35694122314453,
    24.980510711669922,
    63.79871368408203,
    124.15850067138672,
    49.73760986328125,
    47.69243621826172,
    83.06932830810547,
    12.527223587036133,
    59.85356903076172,
    12.535724639892578,
    100.219482421875,
    92.20030212402344,
    123.99378204345703,
    15.343826293945312,
    9.395538330078125,
    23.78761863708496
  ],
  "unit_ids": [
    1,
    2,
    3,
    4,
    5,
    6,
    7,
    8,
    9,
    10,
    11,
    12,
    13,
    14,
    15,
    16,
    17,
    18,
    19,
    20,
    21,
    22,
    23,
    24,
    25,
    26,
    27,
    28,
    29,
    30,
    31,
    32,
    33,
    34,
    35,
    36,
    37,
    38,
    39,
    40,
    41,
    42,
    43,
    44,
    45,
    46,
    47,
    48,
    49,
    50,
    51,
    52,
    53,
    54,
    55,
    56,
    57,
    58,
    59,
    60,
    61,
    62,
    63,
    64,
    65,
    66,
    67,
    68,
    69,
    70,
    71,
    72,
    73,
    74,
    75,
    76,
    77,
    78,
    79,
    80,
    81,
    82,
    83,
    84,
    85,
    86,
    87,
    88,
    89,
    90,
    91,
    92,
    93,
    94,
    95,
    96,
    97,
    98,
    99,
    100
  ]
}