{
  "pointwise": {
    "mse": 218.55790697503852,
    "rmse": 14.783704101984675,
    "mae": 10.455758299827576,
    "bias": 2.216921315193176,
    "r2": 0.8639004108526771
  },
  "eol": {
    "rmse": 14.783704101984675,
    "mae": 10.455758299827576,
    "bias": 2.216921315193176,
    "nasa_score_sum": 430.6435911630716,
    "nasa_score_mean": 4.306435911630716,
    "num_engines": 100
  },
  "nasa_pointwise": {
    "score_sum": 430.6435911630716,
    "score_mean": 4.306435911630716
  },
  "nasa_test": {
    "score_sum": 430.6435911630716,
    "score_mean": 4.306435911630716
  },
  "y_true": [
    112.0,
    98.0,
    69.0,
    82.0,
    91.0,
    93.0,
    91.0,
    95.0,
    111.0,
    96.0,
    97.0,
    124.0,
    95.0,
    107.0,
    83.0,
    84.0,
    50.0,
    28.0,
    87.0,
    16.0,
    57.0,
    111.0,
    113.0,
    20.0,
    125.0,
    119.0,
    66.0,
    97.0,
    90.0,
    115.0,
    8.0,
    48.0,
    106.0,
    7.0,
    11.0,
    19.0,
    21.0,
    50.0,
    125.0,
    28.0,
    18.0,
    10.0,
    59.0,
    109.0,
    114.0,
    47.0,
    125.0,
    92.0,
    21.0,
    79.0,
    114.0,
    29.0,
    26.0,
    97.0,
    125.0,
    15.0,
    103.0,
    37.0,
    114.0,
    100.0,
    21.0,
    54.0,
    72.0,
    28.0,
    125.0,
    14.0,
    77.0,
    8.0,
    121.0,
    94.0,
    118.0,
    50.0,
    125.0,
    125.0,
    113.0,
    10.0,
    34.0,
    107.0,
    63.0,
    90.0,
    8.0,
    9.0,
    125.0,
    58.0,
    118.0,
    89.0,
    116.0,
    115.0,
    125.0,
    28.0,
    38.0,
    20.0,
    85.0,
    55.0,
    125.0,
    125.0,
    82.0,
    59.0,
    117.0,
    20.0
  ],
  "y_pred": [
    123.90303802490234,
    116.05615997314453,
    63.940792083740234,
    95.67826080322266,
    89.83000946044922,
    117.9132308959961,
    101.70439910888672,
    85.53260803222656,
    122.06464385986328,
    78.67533874511719,
    105.90972900390625,
    86.42633819580078,
    68.55425262451172,
    117.32211303710938,
    110.11283111572266,
    102.7616195678711,
    54.552242279052734,
    32.01882553100586,
    91.97386932373047,
    14.87739372253418,
    78.55552673339844,
    124.04023742675781,
    123.26910400390625,
    23.424436569213867,
    124.0594711303711,
    123.48381805419922,
    69.98030853271484,
    85.96144104003906,
    75.15611267089844,
    66.96403503417969,
    5.008251190185547,
    56.727481842041016,
    123.91480255126953,
    3.856100082397461,
    5.870101451873779,
    27.730127334594727,
    26.582534790039062,
    50.247039794921875,
    124.08364868164062,
    30.105981826782227,
    18.925331115722656,
    12.356575012207031,
    62.45172119140625,
    120.28895568847656,
    112.03289794921875,
    41.24330139160156,
    123.69022369384766,
    123.33175659179688,
    13.60153579711914,
    93.20880889892578,
    86.25470733642578,
    30.52618408203125,
    32.00220489501953,
    120.87873077392578,
    120.60869598388672,
    16.8901309967041,
    118.28271484375,
    44.36552429199219,
    123.19049835205078,
    81.90764617919922,
    28.170570373535156,
    47.1530876159668,
    67.20223999023438,
    28.03466033935547,
    118.74656677246094,
    18.18235206604004,
    124.02043914794922,
    7.314113616943359,
    117.21029663085938,
    75.48743438720703,
    117.46544647216797,
    66.0837631225586,
    114.24052429199219,
    123.60306549072266,
    109.779296875,
    8.281757354736328,
    29.582788467407227,
    121.99405670166016,
    100.88651275634766,
    95.40387725830078,
    4.96875,
    9.906474113464355,
    123.04395294189453,
    66.72067260742188,
    124.22396087646484,
    108.56179809570312,
    123.69786834716797,
    82.06957244873047,
    123.91985321044922,
    28.32880210876465,
    26.190898895263672,
    24.5593318939209,
    52.671470642089844,
    58.94037628173828,
    115.78679656982422,
    123.37081909179688,
    98.03145599365234,
    88.14474487304688,
    123.0107650756836,
    16.834516525268555
  ],
  "unit_ids": [
    1,
    2,
    3,
    4,
    5,
    6,
    7,
    8,
    9,
    10,
    11,
    12,
    13,
    14,
    15,
    16,
    17,
    18,
    19,
    20,
    21,
    22,
    23,
    24,
    25,
    26,
    27,
    28,
    29,
    30,
    31,
    32,
    33,
    34,
    35,
    36,
    37,
    38,
    39,
    40,
    41,
    42,
    43,
    44,
    45,
    46,
    47,
    48,
    49,
    50,
    51,
    52,
    53,
    54,
    55,
    56,
    57,
    58,
    59,
    60,
    61,
    62,
    63,
    64,
    65,
    66,
    67,
    68,
    69,
    70,
    71,
    72,
    73,
    74,
    75,
    76,
    77,
    78,
    79,
    80,
    81,
    82,
    83,
    84,
    85,
    86,
    87,
    88,
    89,
    90,
    91,
    92,
    93,
    94,
    95,
    96,
    97,
    98,
    99,
    100
  ]
}