{
  "pointwise": {
    "mse": 557.0976555551592,
    "rmse": 23.60291625107286,
    "mae": 18.879127633157385,
    "bias": -2.4132803821195505,
    "r2": 0.6978504262610259
  },
  "eol": {
    "rmse": 23.60291625107286,
    "mae": 18.879127633157385,
    "bias": -2.4132803821195505,
    "nasa_score_sum": 7121.06783757508,
    "nasa_score_mean": 27.494470415347802,
    "num_engines": 259
  },
  "nasa_pointwise": {
    "score_sum": 7121.06783757508,
    "score_mean": 27.494470415347802
  },
  "nasa_test": {
    "score_sum": 7121.06783757508,
    "score_mean": 27.494470415347802
  },
  "y_true": [
    18.0,
    79.0,
    106.0,
    110.0,
    15.0,
    125.0,
    6.0,
    90.0,
    11.0,
    79.0,
    6.0,
    73.0,
    30.0,
    11.0,
    37.0,
    67.0,
    68.0,
    99.0,
    22.0,
    54.0,
    97.0,
    10.0,
    125.0,
    77.0,
    88.0,
    125.0,
    125.0,
    125.0,
    83.0,
    78.0,
    75.0,
    11.0,
    53.0,
    125.0,
    63.0,
    100.0,
    125.0,
    55.0,
    48.0,
    37.0,
    44.0,
    27.0,
    18.0,
    6.0,
    15.0,
    112.0,
    125.0,
    13.0,
    122.0,
    13.0,
    98.0,
    53.0,
    52.0,
    106.0,
    103.0,
    125.0,
    123.0,
    26.0,
    125.0,
    73.0,
    125.0,
    39.0,
    39.0,
    14.0,
    11.0,
    121.0,
    86.0,
    56.0,
    115.0,
    17.0,
    125.0,
    104.0,
    78.0,
    86.0,
    98.0,
    36.0,
    94.0,
    52.0,
    91.0,
    15.0,
    125.0,
    74.0,
    125.0,
    17.0,
    47.0,
    125.0,
    21.0,
    79.0,
    97.0,
    8.0,
    9.0,
    73.0,
    125.0,
    97.0,
    73.0,
    49.0,
    31.0,
    97.0,
    9.0,
    14.0,
    106.0,
    8.0,
    8.0,
    106.0,
    116.0,
    120.0,
    61.0,
    125.0,
    35.0,
    80.0,
    9.0,
    50.0,
    125.0,
    78.0,
    91.0,
    7.0,
    125.0,
    125.0,
    106.0,
    15.0,
    67.0,
    125.0,
    125.0,
    7.0,
    125.0,
    124.0,
    82.0,
    108.0,
    79.0,
    121.0,
    120.0,
    39.0,
    38.0,
    9.0,
    125.0,
    87.0,
    88.0,
    7.0,
    51.0,
    55.0,
    125.0,
    47.0,
    81.0,
    43.0,
    98.0,
    10.0,
    92.0,
    11.0,
    125.0,
    34.0,
    115.0,
    59.0,
    99.0,
    103.0,
    108.0,
    83.0,
    125.0,
    15.0,
    9.0,
    42.0,
    13.0,
    41.0,
    88.0,
    14.0,
    125.0,
    125.0,
    96.0,
    82.0,
    125.0,
    125.0,
    36.0,
    107.0,
    14.0,
    95.0,
    125.0,
    23.0,
    6.0,
    125.0,
    35.0,
    97.0,
    68.0,
    14.0,
    67.0,
    125.0,
    19.0,
    10.0,
    125.0,
    125.0,
    43.0,
    12.0,
    125.0,
    13.0,
    37.0,
    122.0,
    80.0,
    93.0,
    125.0,
    32.0,
    103.0,
    125.0,
    111.0,
    68.0,
    125.0,
    121.0,
    125.0,
    48.0,
    85.0,
    8.0,
    23.0,
    8.0,
    6.0,
    57.0,
    83.0,
    125.0,
    101.0,
    81.0,
    86.0,
    125.0,
    73.0,
    121.0,
    125.0,
    75.0,
    125.0,
    125.0,
    11.0,
    108.0,
    14.0,
    125.0,
    61.0,
    85.0,
    8.0,
    101.0,
    125.0,
    89.0,
    125.0,
    12.0,
    62.0,
    125.0,
    101.0,
    121.0,
    125.0,
    17.0,
    125.0,
    125.0,
    16.0,
    125.0,
    125.0,
    56.0,
    111.0,
    23.0,
    84.0,
    12.0,
    43.0,
    48.0,
    122.0,
    125.0,
    56.0,
    125.0,
    51.0
  ],
  "y_pred": [
    14.644875526428223,
    102.64889526367188,
    93.57758331298828,
    73.16799926757812,
    14.458105087280273,
    103.46000671386719,
    36.7894401550293,
    26.923368453979492,
    13.196415901184082,
    94.09812927246094,
    18.730440139770508,
    97.83734130859375,
    80.63320922851562,
    14.671863555908203,
    76.02212524414062,
    103.43826293945312,
    67.55113220214844,
    103.7750244140625,
    23.130413055419922,
    82.44200134277344,
    63.16145324707031,
    18.605838775634766,
    103.06612396240234,
    77.12495422363281,
    88.20558166503906,
    102.9937744140625,
    103.82653045654297,
    103.71805572509766,
    103.41065979003906,
    52.650421142578125,
    102.422119140625,
    24.663721084594727,
    102.79576110839844,
    103.75305938720703,
    94.34634399414062,
    98.23749542236328,
    102.93999481201172,
    53.585594177246094,
    34.107879638671875,
    21.921457290649414,
    45.129112243652344,
    56.94123458862305,
    45.27210998535156,
    36.41630935668945,
    16.932588577270508,
    103.68327331542969,
    99.73960876464844,
    33.22749328613281,
    103.30867004394531,
    21.208080291748047,
    103.8319320678711,
    27.946453094482422,
    68.39566802978516,
    103.80496978759766,
    101.14779663085938,
    103.87539672851562,
    103.53504943847656,
    17.17225456237793,
    101.15121459960938,
    101.21247100830078,
    103.32239532470703,
    31.484161376953125,
    29.527416229248047,
    16.506765365600586,
    17.7036190032959,
    101.65263366699219,
    101.70286560058594,
    34.98805618286133,
    101.47944641113281,
    7.603044033050537,
    103.34915161132812,
    98.69477844238281,
    73.74821472167969,
    100.23942565917969,
    94.12166595458984,
    17.033370971679688,
    99.0843505859375,
    100.77001190185547,
    103.5403060913086,
    8.293281555175781,
    103.15901184082031,
    102.92303466796875,
    103.7576904296875,
    53.285552978515625,
    48.56953430175781,
    103.33346557617188,
    65.18000030517578,
    60.28675079345703,
    96.54215240478516,
    12.429211616516113,
    13.534553527832031,
    73.20748901367188,
    101.62973022460938,
    59.53782272338867,
    40.09552001953125,
    41.7649040222168,
    27.38224983215332,
    88.226806640625,
    10.819129943847656,
    31.485706329345703,
    103.8592529296875,
    25.47020721435547,
    4.155875205993652,
    78.05975341796875,
    103.36014556884766,
    102.29264068603516,
    45.16082763671875,
    91.22972869873047,
    48.3215446472168,
    96.89897155761719,
    54.092369079589844,
    78.202880859375,
    103.89125061035156,
    85.22830200195312,
    68.3594970703125,
    21.085020065307617,
    63.513980865478516,
    103.63211059570312,
    82.50457763671875,
    76.5885009765625,
    100.24951171875,
    103.84866333007812,
    103.54193115234375,
    9.566936492919922,
    101.1496353149414,
    103.28013610839844,
    50.59535217285156,
    103.01768493652344,
    80.8602523803711,
    97.8414077758789,
    103.80391693115234,
    77.86357879638672,
    47.58694076538086,
    19.65635871887207,
    103.33726501464844,
    97.01426696777344,
    93.25008392333984,
    35.777793884277344,
    63.052940368652344,
    39.061241149902344,
    99.98233795166016,
    41.44854736328125,
    98.1687240600586,
    68.24413299560547,
    100.4825210571289,
    25.867584228515625,
    103.73561096191406,
    30.468687057495117,
    103.17385864257812,
    27.392303466796875,
    77.2950668334961,
    96.97370147705078,
    71.23405456542969,
    95.49485778808594,
    103.6180419921875,
    98.98094177246094,
    103.45663452148438,
    27.336965560913086,
    28.69498634338379,
    54.761688232421875,
    18.43370819091797,
    83.49805450439453,
    66.8238754272461,
    11.631778717041016,
    103.78231811523438,
    103.71495819091797,
    100.39812469482422,
    86.34245300292969,
    59.487674713134766,
    70.22782897949219,
    8.431715965270996,
    94.9639892578125,
    43.40915298461914,
    66.81935119628906,
    103.3067626953125,
    30.58713722229004,
    9.702408790588379,
    86.54246520996094,
    101.94902038574219,
    96.16828155517578,
    45.11286544799805,
    71.274658203125,
    92.08070373535156,
    103.75819396972656,
    24.931785583496094,
    27.7901668548584,
    102.92363739013672,
    103.2725830078125,
    29.556886672973633,
    22.031408309936523,
    103.62808990478516,
    15.611177444458008,
    17.558101654052734,
    103.79811096191406,
    55.006797790527344,
    103.5207748413086,
    103.32659912109375,
    69.35330963134766,
    103.85115814208984,
    99.10868835449219,
    103.85547637939453,
