{
  "experiment_name": "fd004_phase2_transformer",
  "dataset": "FD004",
  "phase": "phase2_transformer",
  "encoder_type": "transformer",
  "hidden_dim": 48,
  "transformer_nhead": 4,
  "transformer_dim_feedforward": 256,
  "use_condition_embedding": true,
  "cond_emb_dim": 4,
  "smooth_hi_weight": 0.02,
  "rul_beta": 45.0,
  "health_loss_weight": 0.35,
  "mono_late_weight": 0.03,
  "mono_global_weight": 0.003,
  "val_rmse": 20.06229616816237,
  "val_mae": 12.723288536071777,
  "val_bias": -4.151207447052002,
  "val_r2": 0.7640383243560791,
  "val_nasa_mean": 28.315122708259167,
  "test_rmse": 20.87825129579032,
  "test_mae": 14.79309179129139,
  "test_bias": -2.818575334164404,
  "test_r2": 0.7640433760414009,
  "test_nasa_mean": 11.075863090119537
}