{
  "experiment_name": "fd004_phase2_transformer_small_regularized",
  "dataset": "FD004",
  "phase": "phase2",
  "encoder_type": "transformer",
  "d_model": 32,
  "nhead": 4,
  "num_layers": 3,
  "dim_feedforward": 256,
  "dropout": 0.2,
  "max_len": 300,
  "use_condition_embedding": true,
  "cond_emb_dim": 4,
  "smooth_hi_weight": 0.02,
  "rul_beta": 45.0,
  "health_loss_weight": 0.35,
  "mono_late_weight": 0.03,
  "mono_global_weight": 0.003,
  "hi_condition_calib_weight": 0.0,
  "val_rmse": 19.013312243806148,
  "val_mae": 11.269932746887207,
  "val_bias": -1.5860440731048584,
  "val_r2": 0.788068413734436,
  "val_nasa_mean": 30.43989186543254,
  "test_rmse": 20.04554445558789,
  "test_mae": 13.187791833954472,
  "test_bias": -0.6580942811504487,
  "test_r2": 0.782489790965107,
  "test_nasa_mean": 13.289405038309262
}