{
  "pointwise": {
    "mse": 513.8689682868653,
    "rmse": 22.668678132764278,
    "mae": 17.0684772200566,
    "bias": 0.30740074209264806,
    "r2": 0.72129609920753
  },
  "eol": {
    "rmse": 22.668678132764278,
    "mae": 17.0684772200566,
    "bias": 0.30740074209264806,
    "nasa_score_sum": 6321.1497312748525,
    "nasa_score_mean": 24.405983518435725,
    "num_engines": 259
  },
  "nasa_pointwise": {
    "score_sum": 6321.1497312748525,
    "score_mean": 24.405983518435725
  },
  "nasa_test": {
    "score_sum": 6321.1497312748525,
    "score_mean": 24.405983518435725
  },
  "y_true": [
    18.0,
    79.0,
    106.0,
    110.0,
    15.0,
    125.0,
    6.0,
    90.0,
    11.0,
    79.0,
    6.0,
    73.0,
    30.0,
    11.0,
    37.0,
    67.0,
    68.0,
    99.0,
    22.0,
    54.0,
    97.0,
    10.0,
    125.0,
    77.0,
    88.0,
    125.0,
    125.0,
    125.0,
    83.0,
    78.0,
    75.0,
    11.0,
    53.0,
    125.0,
    63.0,
    100.0,
    125.0,
    55.0,
    48.0,
    37.0,
    44.0,
    27.0,
    18.0,
    6.0,
    15.0,
    112.0,
    125.0,
    13.0,
    122.0,
    13.0,
    98.0,
    53.0,
    52.0,
    106.0,
    103.0,
    125.0,
    123.0,
    26.0,
    125.0,
    73.0,
    125.0,
    39.0,
    39.0,
    14.0,
    11.0,
    121.0,
    86.0,
    56.0,
    115.0,
    17.0,
    125.0,
    104.0,
    78.0,
    86.0,
    98.0,
    36.0,
    94.0,
    52.0,
    91.0,
    15.0,
    125.0,
    74.0,
    125.0,
    17.0,
    47.0,
    125.0,
    21.0,
    79.0,
    97.0,
    8.0,
    9.0,
    73.0,
    125.0,
    97.0,
    73.0,
    49.0,
    31.0,
    97.0,
    9.0,
    14.0,
    106.0,
    8.0,
    8.0,
    106.0,
    116.0,
    120.0,
    61.0,
    125.0,
    35.0,
    80.0,
    9.0,
    50.0,
    125.0,
    78.0,
    91.0,
    7.0,
    125.0,
    125.0,
    106.0,
    15.0,
    67.0,
    125.0,
    125.0,
    7.0,
    125.0,
    124.0,
    82.0,
    108.0,
    79.0,
    121.0,
    120.0,
    39.0,
    38.0,
    9.0,
    125.0,
    87.0,
    88.0,
    7.0,
    51.0,
    55.0,
    125.0,
    47.0,
    81.0,
    43.0,
    98.0,
    10.0,
    92.0,
    11.0,
    125.0,
    34.0,
    115.0,
    59.0,
    99.0,
    103.0,
    108.0,
    83.0,
    125.0,
    15.0,
    9.0,
    42.0,
    13.0,
    41.0,
    88.0,
    14.0,
    125.0,
    125.0,
    96.0,
    82.0,
    125.0,
    125.0,
    36.0,
    107.0,
    14.0,
    95.0,
    125.0,
    23.0,
    6.0,
    125.0,
    35.0,
    97.0,
    68.0,
    14.0,
    67.0,
    125.0,
    19.0,
    10.0,
    125.0,
    125.0,
    43.0,
    12.0,
    125.0,
    13.0,
    37.0,
    122.0,
    80.0,
    93.0,
    125.0,
    32.0,
    103.0,
    125.0,
    111.0,
    68.0,
    125.0,
    121.0,
    125.0,
    48.0,
    85.0,
    8.0,
    23.0,
    8.0,
    6.0,
    57.0,
    83.0,
    125.0,
    101.0,
    81.0,
    86.0,
    125.0,
    73.0,
    121.0,
    125.0,
    75.0,
    125.0,
    125.0,
    11.0,
    108.0,
    14.0,
    125.0,
    61.0,
    85.0,
    8.0,
    101.0,
    125.0,
    89.0,
    125.0,
    12.0,
    62.0,
    125.0,
    101.0,
    121.0,
    125.0,
    17.0,
    125.0,
    125.0,
    16.0,
    125.0,
    125.0,
    56.0,
    111.0,
    23.0,
    84.0,
    12.0,
    43.0,
    48.0,
    122.0,
    125.0,
    56.0,
    125.0,
    51.0
  ],
  "y_pred": [
    13.78213882446289,
    105.86280822753906,
    99.864990234375,
    78.87687683105469,
    16.187244415283203,
    115.13508605957031,
    10.377954483032227,
    47.772830963134766,
    12.223291397094727,
    93.67874145507812,
    35.06504440307617,
    95.642578125,
    83.32823181152344,
    9.121713638305664,
    87.93585968017578,
    114.37435150146484,
    68.48193359375,
    114.97438049316406,
    17.932167053222656,
    61.94994354248047,
    45.49590301513672,
    27.053359985351562,
    112.5633316040039,
    72.41986083984375,
    95.11766815185547,
    113.16133117675781,
    115.53326416015625,
    115.0577392578125,
    114.55484008789062,
    91.00093078613281,
    111.4339599609375,
    31.531169891357422,
    113.12886810302734,
    115.65153503417969,
    58.651832580566406,
    100.35122680664062,
    114.00740051269531,
    53.52200698852539,
    44.04407501220703,
    32.214107513427734,
    26.014921188354492,
    73.836181640625,
    26.135848999023438,
    26.050941467285156,
    15.858484268188477,
    114.42669677734375,
    80.20466613769531,
    33.165496826171875,
    97.05751037597656,
    25.10397720336914,
    115.67977905273438,
    21.647075653076172,
    64.28617858886719,
    115.08271789550781,
    106.71588134765625,
    115.62928771972656,
    114.65139770507812,
    25.058557510375977,
    111.3770523071289,
    85.94955444335938,
    112.77458190917969,
    31.626569747924805,
    57.17179870605469,
    26.098024368286133,
    18.884765625,
    103.88574981689453,
    111.56267547607422,
    37.749046325683594,
    84.67778015136719,
    15.833486557006836,
    101.20379638671875,
    106.25308227539062,
    50.66438293457031,
    98.29263305664062,
    91.555419921875,
    22.23188018798828,
    114.21131896972656,
    57.8745231628418,
    114.5906982421875,
    7.028066635131836,
    113.42550659179688,
    101.13609313964844,
    110.76470947265625,
    26.544879913330078,
    33.991485595703125,
    76.19963073730469,
    47.508056640625,
    58.31901168823242,
    78.98169708251953,
    15.162383079528809,
    8.90383529663086,
    85.63835144042969,
    114.12893676757812,
    81.99296569824219,
    38.455665588378906,
    40.84873962402344,
    18.883930206298828,
    106.09219360351562,
    11.364801406860352,
    37.5880126953125,
    115.57532501220703,
    16.716798782348633,
    3.0481114387512207,
    75.00069427490234,
    114.54981994628906,
    115.12417602539062,
    41.09577178955078,
    112.2446060180664,
    99.94805908203125,
    111.04947662353516,
    82.46553039550781,
    65.61022186279297,
    115.60660552978516,
    51.843223571777344,
    48.49657440185547,
    9.227653503417969,
    75.96664428710938,
    112.85466003417969,
    114.10432434082031,
    62.86808776855469,
    97.81808471679688,
    115.64948272705078,
    96.88390350341797,
    8.523914337158203,
    89.79824829101562,
    115.21697235107422,
    64.85195922851562,
    112.15716552734375,
    89.31373596191406,
    113.33415222167969,
    115.50135803222656,
    50.81373596191406,
    44.44091033935547,
    19.661895751953125,
    115.52484130859375,
    46.27827453613281,
    92.75807189941406,
    11.25922679901123,
    54.51646041870117,
    49.66493606567383,
    114.2358169555664,
    39.62530517578125,
    112.24726867675781,
    49.91883087158203,
    104.18927764892578,
    21.012554168701172,
    106.48858642578125,
    28.869735717773438,
    113.82769012451172,
    28.878246307373047,
    107.24623107910156,
    115.23916625976562,
    92.68476104736328,
    91.75819396972656,
    115.07964324951172,
    100.25149536132812,
    112.82400512695312,
    27.283803939819336,
    18.611019134521484,
    42.73152160644531,
    17.765769958496094,
    68.60604858398438,
    65.292724609375,
    15.708133697509766,
    115.67626190185547,
    107.76678466796875,
    105.60612487792969,
    69.50811767578125,
    51.775142669677734,
    85.9453125,
    12.427291870117188,
    98.18075561523438,
    25.365520477294922,
    70.76644897460938,
    113.63554382324219,
    31.266006469726562,
    10.107067108154297,
    77.92049407958984,
    76.01782989501953,
    110.82931518554688,
    50.09796905517578,
    45.99193572998047,
    87.36945343017578,
    115.42668151855469,
    8.880250930786133,
    12.170159339904785,
    87.5106201171875,
    99.84339904785156,
    64.81947326660156,
    17.273468017578125,
    115.36091613769531,
    18.895957946777344,
    20.805801391601562,
    115.59464263916016,
    43.98600769042969,
    113.40296936035156,
    113.45742797851562,
    82.99525451660156,
    115.30256652832031,
    99.2059326171875,
    115.704833984375,
