{
  "pointwise": {
    "mse": 466.4342725665321,
    "rmse": 21.59708944664841,
    "mae": 15.529071858490756,
    "bias": -1.0874760666409053,
    "r2": 0.7470229586717905
  },
  "eol": {
    "rmse": 21.59708944664841,
    "mae": 15.529071858490756,
    "bias": -1.0874760666409053,
    "nasa_score_sum": 3834.0586682551607,
    "nasa_score_mean": 14.803315321448498,
    "num_engines": 259
  },
  "nasa_pointwise": {
    "score_sum": 3834.0586682551607,
    "score_mean": 14.803315321448498
  },
  "nasa_test": {
    "score_sum": 3834.0586682551607,
    "score_mean": 14.803315321448498
  },
  "y_true": [
    18.0,
    79.0,
    106.0,
    110.0,
    15.0,
    125.0,
    6.0,
    90.0,
    11.0,
    79.0,
    6.0,
    73.0,
    30.0,
    11.0,
    37.0,
    67.0,
    68.0,
    99.0,
    22.0,
    54.0,
    97.0,
    10.0,
    125.0,
    77.0,
    88.0,
    125.0,
    125.0,
    125.0,
    83.0,
    78.0,
    75.0,
    11.0,
    53.0,
    125.0,
    63.0,
    100.0,
    125.0,
    55.0,
    48.0,
    37.0,
    44.0,
    27.0,
    18.0,
    6.0,
    15.0,
    112.0,
    125.0,
    13.0,
    122.0,
    13.0,
    98.0,
    53.0,
    52.0,
    106.0,
    103.0,
    125.0,
    123.0,
    26.0,
    125.0,
    73.0,
    125.0,
    39.0,
    39.0,
    14.0,
    11.0,
    121.0,
    86.0,
    56.0,
    115.0,
    17.0,
    125.0,
    104.0,
    78.0,
    86.0,
    98.0,
    36.0,
    94.0,
    52.0,
    91.0,
    15.0,
    125.0,
    74.0,
    125.0,
    17.0,
    47.0,
    125.0,
    21.0,
    79.0,
    97.0,
    8.0,
    9.0,
    73.0,
    125.0,
    97.0,
    73.0,
    49.0,
    31.0,
    97.0,
    9.0,
    14.0,
    106.0,
    8.0,
    8.0,
    106.0,
    116.0,
    120.0,
    61.0,
    125.0,
    35.0,
    80.0,
    9.0,
    50.0,
    125.0,
    78.0,
    91.0,
    7.0,
    125.0,
    125.0,
    106.0,
    15.0,
    67.0,
    125.0,
    125.0,
    7.0,
    125.0,
    124.0,
    82.0,
    108.0,
    79.0,
    121.0,
    120.0,
    39.0,
    38.0,
    9.0,
    125.0,
    87.0,
    88.0,
    7.0,
    51.0,
    55.0,
    125.0,
    47.0,
    81.0,
    43.0,
    98.0,
    10.0,
    92.0,
    11.0,
    125.0,
    34.0,
    115.0,
    59.0,
    99.0,
    103.0,
    108.0,
    83.0,
    125.0,
    15.0,
    9.0,
    42.0,
    13.0,
    41.0,
    88.0,
    14.0,
    125.0,
    125.0,
    96.0,
    82.0,
    125.0,
    125.0,
    36.0,
    107.0,
    14.0,
    95.0,
    125.0,
    23.0,
    6.0,
    125.0,
    35.0,
    97.0,
    68.0,
    14.0,
    67.0,
    125.0,
    19.0,
    10.0,
    125.0,
    125.0,
    43.0,
    12.0,
    125.0,
    13.0,
    37.0,
    122.0,
    80.0,
    93.0,
    125.0,
    32.0,
    103.0,
    125.0,
    111.0,
    68.0,
    125.0,
    121.0,
    125.0,
    48.0,
    85.0,
    8.0,
    23.0,
    8.0,
    6.0,
    57.0,
    83.0,
    125.0,
    101.0,
    81.0,
    86.0,
    125.0,
    73.0,
    121.0,
    125.0,
    75.0,
    125.0,
    125.0,
    11.0,
    108.0,
    14.0,
    125.0,
    61.0,
    85.0,
    8.0,
    101.0,
    125.0,
    89.0,
    125.0,
    12.0,
    62.0,
    125.0,
    101.0,
    121.0,
    125.0,
    17.0,
    125.0,
    125.0,
    16.0,
    125.0,
    125.0,
    56.0,
    111.0,
    23.0,
    84.0,
    12.0,
    43.0,
    48.0,
    122.0,
    125.0,
    56.0,
    125.0,
    51.0
  ],
  "y_pred": [
    16.355558395385742,
    110.60160827636719,
    116.3945541381836,
    59.11064147949219,
    16.3164119720459,
    121.19862365722656,
    1.950878620147705,
    68.0855484008789,
    11.86033821105957,
    53.78369140625,
    24.038766860961914,
    107.75013732910156,
    40.57488250732422,
    6.447494029998779,
    64.22954559326172,
    104.85912322998047,
    65.72679138183594,
    120.85394287109375,
    20.27846908569336,
    77.87237548828125,
    37.057952880859375,
    24.180383682250977,
    121.62409210205078,
    52.8961067199707,
    76.35710144042969,
    112.1443862915039,
    114.17035675048828,
    116.3142318725586,
    119.69759368896484,
    79.5948715209961,
    120.82040405273438,
    20.102163314819336,
    116.2346420288086,
    122.7638168334961,
    81.56004333496094,
    102.05509948730469,
    120.15859985351562,
    50.86387252807617,
    52.784156799316406,
    18.135313034057617,
    27.952543258666992,
    62.50349044799805,
    17.958372116088867,
    16.515047073364258,
    8.225878715515137,
    101.19816589355469,
    74.51319885253906,
    44.304405212402344,
    96.01832580566406,
    25.618953704833984,
    121.92510986328125,
    30.177610397338867,
    91.36048889160156,
    114.84772491455078,
    113.22198486328125,
    122.29195404052734,
    118.26187133789062,
    21.97490882873535,
    112.32307434082031,
    59.846046447753906,
    100.21868896484375,
    26.693517684936523,
    49.025489807128906,
    16.43373680114746,
    11.463798522949219,
    120.64225769042969,
    95.75103759765625,
    20.70486831665039,
    110.48690032958984,
    19.9812068939209,
    110.03056335449219,
    103.42425537109375,
    54.90887451171875,
    95.34007263183594,
    76.26142883300781,
    25.40669059753418,
    92.25047302246094,
    44.41785430908203,
    120.53548431396484,
    10.049530982971191,
    105.61524963378906,
    98.02096557617188,
    117.32390594482422,
    21.48063087463379,
    43.19215774536133,
    71.4897232055664,
    64.42243957519531,
    58.889305114746094,
    93.04413604736328,
    14.668990135192871,
    4.599262714385986,
    69.72334289550781,
    114.54164123535156,
    100.51265716552734,
    38.47957229614258,
    57.65577697753906,
    22.701745986938477,
    101.3289794921875,
    10.362464904785156,
    34.955284118652344,
    122.49951934814453,
    7.200557231903076,
    5.897439479827881,
    91.00733947753906,
    121.66707611083984,
    113.36620330810547,
    36.416259765625,
    118.15908813476562,
    43.35646057128906,
    117.1054458618164,
    30.411720275878906,
    53.32520294189453,
    122.60352325439453,
    38.09700393676758,
    44.96799850463867,
    9.333433151245117,
    108.78570556640625,
    96.8301010131836,
    80.3722915649414,
    29.985780715942383,
    117.51919555664062,
    122.31263732910156,
    112.18927001953125,
    13.102200508117676,
    107.28865814208984,
    114.66791534423828,
    63.58424758911133,
    121.41281127929688,
    57.31108093261719,
    118.62620544433594,
    121.17311096191406,
    30.158464431762695,
    54.01629638671875,
    11.506440162658691,
    122.50675964355469,
    48.16754913330078,
    70.8258056640625,
    10.019579887390137,
    67.65951538085938,
    45.142478942871094,
    119.540283203125,
    42.87892532348633,
    113.87923431396484,
    48.53772735595703,
    102.36487579345703,
    15.06637191772461,
    115.94686126708984,
    10.50261402130127,
    117.20646667480469,
    26.045310974121094,
    91.15266418457031,
    100.0669937133789,
    68.82435607910156,
    110.99370574951172,
    117.90481567382812,
    76.65827941894531,
    119.87164306640625,
    24.38873291015625,
    8.870904922485352,
    41.89392852783203,
    20.456533432006836,
    65.83763122558594,
    92.60016632080078,
    11.783679008483887,
    122.94005584716797,
    114.202880859375,
    87.05197143554688,
    58.26771926879883,
    68.77262115478516,
    82.9351806640625,
    12.134500503540039,
    110.13890075683594,
    19.989595413208008,
    80.8791732788086,
    115.55421447753906,
    39.30731201171875,
    12.032224655151367,
    91.96941375732422,
    92.16173553466797,
    105.5965576171875,
    79.20013427734375,
    13.654422760009766,
    76.24651336669922,
    122.39199829101562,
    5.252981662750244,
    12.072277069091797,
    57.415504455566406,
    115.01210021972656,
    73.99559020996094,
    13.830911636352539,
    118.4161376953125,
    13.242413520812988,
    18.590368270874023,
    122.77223205566406,
    45.5093994140625,
    114.59425354003906,
    119.2066879272461,
    86.10823822021484,
    115.49382781982422,
    111.22498321533203,
    121.62090301513672,
