{
  "pointwise": {
    "mse": 669.2064816667068,
    "rmse": 25.86902552603609,
    "mae": 18.697508064008527,
    "bias": 7.854670972593369,
    "r2": 0.6377536057114939
  },
  "eol": {
    "rmse": 25.86902552603609,
    "mae": 18.697508064008527,
    "bias": 7.854670972593369,
    "nasa_score_sum": 23635.01333076141,
    "nasa_score_mean": 95.30247310790891,
    "num_engines": 248
  },
  "nasa_pointwise": {
    "score_sum": 23635.01333076141,
    "score_mean": 95.30247310790891
  },
  "nasa_test": {
    "score_sum": 23635.01333076141,
    "score_mean": 95.30247310790891
  },
  "y_true": [
    22.0,
    39.0,
    107.0,
    75.0,
    125.0,
    78.0,
    94.0,
    14.0,
    99.0,
    125.0,
    125.0,
    7.0,
    71.0,
    105.0,
    12.0,
    125.0,
    125.0,
    104.0,
    125.0,
    82.0,
    91.0,
    11.0,
    26.0,
    125.0,
    39.0,
    92.0,
    76.0,
    124.0,
    64.0,
    118.0,
    6.0,
    22.0,
    125.0,
    125.0,
    36.0,
    73.0,
    89.0,
    11.0,
    125.0,
    10.0,
    97.0,
    30.0,
    42.0,
    60.0,
    85.0,
    125.0,
    34.0,
    45.0,
    24.0,
    86.0,
    119.0,
    125.0,
    125.0,
    125.0,
    125.0,
    67.0,
    97.0,
    8.0,
    125.0,
    125.0,
    51.0,
    33.0,
    125.0,
    46.0,
    12.0,
    125.0,
    46.0,
    46.0,
    12.0,
    33.0,
    15.0,
    125.0,
    23.0,
    89.0,
    124.0,
    125.0,
    25.0,
    74.0,
    78.0,
    114.0,
    96.0,
    10.0,
    125.0,
    125.0,
    115.0,
    70.0,
    94.0,
    56.0,
    86.0,
    96.0,
    50.0,
    73.0,
    125.0,
    125.0,
    125.0,
    71.0,
    105.0,
    113.0,
    37.0,
    7.0,
    13.0,
    22.0,
    9.0,
    120.0,
    100.0,
    107.0,
    41.0,
    125.0,
    125.0,
    59.0,
    18.0,
    66.0,
    13.0,
    14.0,
    125.0,
    13.0,
    75.0,
    8.0,
    109.0,
    125.0,
    41.0,
    125.0,
    23.0,
    86.0,
    125.0,
    15.0,
    125.0,
    125.0,
    120.0,
    125.0,
    101.0,
    116.0,
    125.0,
    36.0,
    7.0,
    122.0,
    125.0,
    88.0,
    125.0,
    125.0,
    125.0,
    108.0,
    53.0,
    125.0,
    59.0,
    100.0,
    56.0,
    125.0,
    76.0,
    57.0,
    31.0,
    88.0,
    125.0,
    34.0,
    7.0,
    125.0,
    125.0,
    6.0,
    22.0,
    83.0,
    82.0,
    84.0,
    95.0,
    125.0,
    111.0,
    72.0,
    109.0,
    87.0,
    125.0,
    125.0,
    125.0,
    12.0,
    8.0,
    10.0,
    123.0,
    103.0,
    12.0,
    106.0,
    12.0,
    32.0,
    37.0,
    116.0,
    15.0,
    10.0,
    46.0,
    125.0,
    24.0,
    125.0,
    56.0,
    43.0,
    125.0,
    71.0,
    104.0,
    15.0,
    125.0,
    89.0,
    36.0,
    11.0,
    92.0,
    96.0,
    59.0,
    13.0,
    125.0,
    125.0,
    125.0,
    109.0,
    116.0,
    91.0,
    11.0,
    88.0,
    108.0,
    76.0,
    14.0,
    89.0,
    125.0,
    17.0,
    66.0,
    125.0,
    41.0,
    125.0,
    73.0,
    39.0,
    58.0,
    14.0,
    125.0,
    88.0,
    125.0,
    125.0,
    120.0,
    98.0,
    33.0,
    125.0,
    110.0,
    68.0,
    24.0,
    75.0,
    18.0,
    16.0,
    125.0,
    98.0,
    125.0,
    81.0,
    118.0,
    35.0,
    125.0,
    125.0,
    112.0,
    26.0
  ],
  "y_pred": [
    76.2139663696289,
    47.185306549072266,
    119.28409576416016,
    123.61434936523438,
    82.76667785644531,
    123.97554779052734,
    98.34613037109375,
    7.729589462280273,
    120.23070526123047,
    124.74407196044922,
    118.71952056884766,
    19.556262969970703,
    106.98804473876953,
    73.4794921875,
    49.88139343261719,
    124.61820220947266,
    113.29027557373047,
    121.15779113769531,
    123.79492950439453,
    52.92708969116211,
    83.93311309814453,
    30.367507934570312,
    40.60966491699219,
    125.0,
    12.496874809265137,
    108.13858795166016,
    58.541568756103516,
    117.22390747070312,
    90.9510269165039,
    114.16439056396484,
    41.47385025024414,
    12.158257484436035,
    123.96321105957031,
    120.11441802978516,
    19.34270668029785,
    115.67340850830078,
    86.71683502197266,
    12.0164213180542,
    98.1832275390625,
    41.25543975830078,
    114.11167907714844,
    29.747106552124023,
    84.87915802001953,
    34.61916732788086,
    92.05662536621094,
    120.81898498535156,
    39.25444793701172,
    108.73839569091797,
    60.8341178894043,
    122.01372528076172,
    120.67781829833984,
    123.73822784423828,
    115.30834197998047,
    85.7284927368164,
    124.01822662353516,
    121.8369140625,
    124.65267181396484,
    6.9737067222595215,
    123.68599700927734,
    121.60506439208984,
    50.87061309814453,
    80.52653503417969,
    116.32767486572266,
    40.543460845947266,
    53.40865707397461,
    123.41849517822266,
    67.7112045288086,
    77.22248077392578,
    27.842683792114258,
    57.75205612182617,
    28.733686447143555,
    122.30008697509766,
    53.10898208618164,
    101.86457061767578,
    108.64105987548828,
    123.5005874633789,
    89.2474136352539,
    97.41529083251953,
    123.49520874023438,
    70.7728500366211,
    122.2543716430664,
    63.78097915649414,
    104.36388397216797,
    95.70296478271484,
    123.24352264404297,
    64.09071350097656,
    123.48001098632812,
    90.6951904296875,
    41.3830680847168,
    57.217376708984375,
    57.5745964050293,
    92.31060028076172,
    103.6670913696289,
    111.62857818603516,
    123.8116226196289,
    98.9596939086914,
    119.54064178466797,
    125.0,
    68.63420867919922,
    40.3956413269043,
    39.53899002075195,
    27.62019157409668,
    45.18344497680664,
    125.0,
    98.1720199584961,
    73.23098754882812,
    110.72490692138672,
    98.97908782958984,
    124.2518081665039,
    53.72544479370117,
    23.408479690551758,
    86.19758605957031,
    43.87317657470703,
    38.47549819946289,
    113.55699920654297,
    33.80183029174805,
    79.86619567871094,
    16.757083892822266,
    73.32689666748047,
    125.0,
    48.920738220214844,
    123.8548355102539,
    42.36220169067383,
    39.8681755065918,
    125.0,
    19.76563835144043,
    104.87284851074219,
    124.11116790771484,
    117.72188568115234,
    120.92012786865234,
    82.91692352294922,
    99.57893371582031,
    123.8128890991211,
    46.082725524902344,
    6.6421003341674805,
    122.16765594482422,
    79.08280181884766,
    107.24348449707031,
    124.24470520019531,
    105.40251922607422,
    123.74308776855469,
    123.99349975585938,
    85.55696868896484,
    120.1220932006836,
    93.96154022216797,
    123.97128295898438,
    81.42919158935547,
    122.82242584228516,
    116.07886505126953,
    68.74909210205078,
    29.929147720336914,
    125.0,
    120.83173370361328,
    69.60359954833984,
    39.789554595947266,
    120.26644134521484,
    124.56710815429688,
    26.16128921508789,
    39.1846923828125,
    123.9375991821289,
    117.08101654052734,
    65.34468078613281,
    102.57598114013672,
    125.0,
    122.26912689208984,
    111.14497375488281,
    117.38958740234375,
    114.73204803466797,
    124.1590576171875,
    124.80145263671875,
    122.90550231933594,
    97.1446304321289,
    10.540420532226562,
    103.53939819335938,
    58.18906021118164,
    90.39251708984375,
    41.973514556884766,
    114.84639739990234,
    11.140335083007812,
    22.82662010192871,
    8.666876792907715,
    124.50603485107422,
    29.71455955505371,
    43.444618225097656,
    100.28983306884766,
    124.79461669921875,
    81.01993560791016,
    124.1539077758789,
    110.56798553466797,
    73.58707427978516,
    87.72997283935547,
    63.8661003112793,
    123.00973510742188,
    30.0738468170166,
    123.28702545166016,
    102.04888916015625,
    33.51493453979492,
    29.66160011291504,
    62.740352630615234,
    63.94326400756836,
    122.99136352539062,
    5.722513198852539,
    123.52144622802734,
    116.60032653808594,
    123.17589569091797,
    125.0,
    106.7169189453125,
    96.2844009399414,
    20.894433975219727,
    115.68025207519531,
