{
  "experiment_name": "fd004_phase2_transformer_hi_strong",
  "dataset": "FD004",
  "phase": "phase2",
  "encoder_type": "transformer",
  "d_model": 48,
  "nhead": 4,
  "num_layers": 3,
  "dim_feedforward": 256,
  "dropout": 0.1,
  "max_len": 300,
  "use_condition_embedding": true,
  "cond_emb_dim": 4,
  "smooth_hi_weight": 0.02,
  "rul_beta": 45.0,
  "health_loss_weight": 0.5,
  "mono_late_weight": 0.08,
  "mono_global_weight": 0.005,
  "hi_condition_calib_weight": 0.0,
  "val_rmse": 19.798948256177177,
  "val_mae": 12.324203491210938,
  "val_bias": -2.0711796283721924,
  "val_r2": 0.7701923847198486,
  "val_nasa_mean": 28.60896059540762,
  "test_rmse": 20.508662409116848,
  "test_mae": 14.45011357722744,
  "test_bias": -1.4811711657431819,
  "test_r2": 0.7723232910304711,
  "test_nasa_mean": 12.214809529911042
}