{
  "pointwise": {
    "mse": 679.0629626165122,
    "rmse": 26.058836555312904,
    "mae": 19.67217723400362,
    "bias": 3.488023884834782,
    "r2": 0.6324182200237345
  },
  "eol": {
    "rmse": 26.058836555312904,
    "mae": 19.67217723400362,
    "bias": 3.488023884834782,
    "nasa_score_sum": 13455.401822522708,
    "nasa_score_mean": 54.25565251017221,
    "num_engines": 248
  },
  "nasa_pointwise": {
    "score_sum": 13455.401822522708,
    "score_mean": 54.25565251017221
  },
  "nasa_test": {
    "score_sum": 13455.401822522708,
    "score_mean": 54.25565251017221
  },
  "y_true": [
    22.0,
    39.0,
    107.0,
    75.0,
    125.0,
    78.0,
    94.0,
    14.0,
    99.0,
    125.0,
    125.0,
    7.0,
    71.0,
    105.0,
    12.0,
    125.0,
    125.0,
    104.0,
    125.0,
    82.0,
    91.0,
    11.0,
    26.0,
    125.0,
    39.0,
    92.0,
    76.0,
    124.0,
    64.0,
    118.0,
    6.0,
    22.0,
    125.0,
    125.0,
    36.0,
    73.0,
    89.0,
    11.0,
    125.0,
    10.0,
    97.0,
    30.0,
    42.0,
    60.0,
    85.0,
    125.0,
    34.0,
    45.0,
    24.0,
    86.0,
    119.0,
    125.0,
    125.0,
    125.0,
    125.0,
    67.0,
    97.0,
    8.0,
    125.0,
    125.0,
    51.0,
    33.0,
    125.0,
    46.0,
    12.0,
    125.0,
    46.0,
    46.0,
    12.0,
    33.0,
    15.0,
    125.0,
    23.0,
    89.0,
    124.0,
    125.0,
    25.0,
    74.0,
    78.0,
    114.0,
    96.0,
    10.0,
    125.0,
    125.0,
    115.0,
    70.0,
    94.0,
    56.0,
    86.0,
    96.0,
    50.0,
    73.0,
    125.0,
    125.0,
    125.0,
    71.0,
    105.0,
    113.0,
    37.0,
    7.0,
    13.0,
    22.0,
    9.0,
    120.0,
    100.0,
    107.0,
    41.0,
    125.0,
    125.0,
    59.0,
    18.0,
    66.0,
    13.0,
    14.0,
    125.0,
    13.0,
    75.0,
    8.0,
    109.0,
    125.0,
    41.0,
    125.0,
    23.0,
    86.0,
    125.0,
    15.0,
    125.0,
    125.0,
    120.0,
    125.0,
    101.0,
    116.0,
    125.0,
    36.0,
    7.0,
    122.0,
    125.0,
    88.0,
    125.0,
    125.0,
    125.0,
    108.0,
    53.0,
    125.0,
    59.0,
    100.0,
    56.0,
    125.0,
    76.0,
    57.0,
    31.0,
    88.0,
    125.0,
    34.0,
    7.0,
    125.0,
    125.0,
    6.0,
    22.0,
    83.0,
    82.0,
    84.0,
    95.0,
    125.0,
    111.0,
    72.0,
    109.0,
    87.0,
    125.0,
    125.0,
    125.0,
    12.0,
    8.0,
    10.0,
    123.0,
    103.0,
    12.0,
    106.0,
    12.0,
    32.0,
    37.0,
    116.0,
    15.0,
    10.0,
    46.0,
    125.0,
    24.0,
    125.0,
    56.0,
    43.0,
    125.0,
    71.0,
    104.0,
    15.0,
    125.0,
    89.0,
    36.0,
    11.0,
    92.0,
    96.0,
    59.0,
    13.0,
    125.0,
    125.0,
    125.0,
    109.0,
    116.0,
    91.0,
    11.0,
    88.0,
    108.0,
    76.0,
    14.0,
    89.0,
    125.0,
    17.0,
    66.0,
    125.0,
    41.0,
    125.0,
    73.0,
    39.0,
    58.0,
    14.0,
    125.0,
    88.0,
    125.0,
    125.0,
    120.0,
    98.0,
    33.0,
    125.0,
    110.0,
    68.0,
    24.0,
    75.0,
    18.0,
    16.0,
    125.0,
    98.0,
    125.0,
    81.0,
    118.0,
    35.0,
    125.0,
    125.0,
    112.0,
    26.0
  ],
  "y_pred": [
    51.91423034667969,
    59.058143615722656,
    124.78429412841797,
    124.05109405517578,
    89.10346221923828,
    124.65174865722656,
    63.4824104309082,
    16.182418823242188,
    124.97465515136719,
    125.0,
    99.91303253173828,
    17.86408805847168,
    90.24388122558594,
    69.5024185180664,
    36.031776428222656,
    124.4765853881836,
    101.28018188476562,
    57.92310333251953,
    124.41886138916016,
    45.70671844482422,
    88.61888885498047,
    30.774938583374023,
    24.49635124206543,
    118.27510833740234,
    28.7230224609375,
    98.13724517822266,
    60.69127655029297,
    124.12581634521484,
    112.21976470947266,
    96.6548080444336,
    30.599077224731445,
    10.83281135559082,
    125.0,
    96.20268249511719,
    32.26720428466797,
    68.83954620361328,
    82.09003448486328,
    24.87246322631836,
    103.3969497680664,
    37.2546272277832,
    74.47606658935547,
    31.385332107543945,
    70.37956237792969,
    32.9964714050293,
    97.12129974365234,
    101.33009338378906,
    34.98516082763672,
    83.83647918701172,
    31.92947769165039,
    125.0,
    124.04554748535156,
    121.62981414794922,
    113.86563873291016,
    88.28624725341797,
    125.0,
    120.44609832763672,
    124.33098602294922,
    12.193894386291504,
    122.18411254882812,
    106.41234588623047,
    60.73805236816406,
    64.34387969970703,
    121.97588348388672,
    53.4838981628418,
    66.26903533935547,
    92.14105987548828,
    48.56983947753906,
    46.57538604736328,
    29.420419692993164,
    52.822505950927734,
    38.35940933227539,
    121.75125122070312,
    47.66178512573242,
    93.95337677001953,
    99.70878601074219,
    104.55894470214844,
    85.03673553466797,
    124.39994812011719,
    78.26192474365234,
    71.51321411132812,
    112.89293670654297,
    79.17562103271484,
    120.5938491821289,
    94.88162231445312,
    103.2724838256836,
    70.64310455322266,
    109.59211730957031,
    98.64781951904297,
    107.30272674560547,
    93.23933410644531,
    64.59668731689453,
    72.40897369384766,
    124.89995574951172,
    124.48119354248047,
    124.4676742553711,
    94.4049301147461,
    88.56311798095703,
    124.7347640991211,
    76.06865692138672,
    24.97443962097168,
    29.83768081665039,
    27.221179962158203,
    87.8309555053711,
    124.91222381591797,
    47.466331481933594,
    79.9614028930664,
    119.47234344482422,
    102.44947814941406,
    125.0,
    50.42308807373047,
    10.452374458312988,
    103.06140899658203,
    35.645545959472656,
    38.02310562133789,
    80.41292572021484,
    26.157323837280273,
    123.07044982910156,
    28.8822078704834,
    87.28902435302734,
    102.64789581298828,
    41.59366989135742,
    123.4844970703125,
    47.768577575683594,
    58.43882751464844,
    125.0,
    16.937192916870117,
    119.29412078857422,
    124.334228515625,
    123.79315948486328,
    85.43463134765625,
    113.6049575805664,
    65.90924835205078,
    106.11962127685547,
    67.38188934326172,
    13.00990104675293,
    100.68453216552734,
    78.8034896850586,
    95.49793243408203,
    125.0,
    105.55455017089844,
    79.06895446777344,
    124.98509979248047,
    45.569297790527344,
    102.99687194824219,
    84.62928771972656,
    123.79067993164062,
    58.79645538330078,
    124.79901123046875,
    123.11050415039062,
    21.56932258605957,
    15.51507568359375,
    70.48628997802734,
    123.38567352294922,
    71.83470916748047,
    53.06401062011719,
    109.1358413696289,
    124.67801666259766,
    16.422914505004883,
    30.41979217529297,
    107.97522735595703,
    123.43885040283203,
    90.55818176269531,
    87.3587417602539,
    125.0,
    124.78954315185547,
    122.37540435791016,
    110.34754180908203,
    106.46119689941406,
    125.0,
    124.26599884033203,
    100.44121551513672,
    68.68524932861328,
    10.623038291931152,
    89.25713348388672,
    70.75008392333984,
    73.92188262939453,
    49.350135803222656,
    124.47998046875,
    10.815661430358887,
    38.369773864746094,
    21.50838851928711,
    124.06746673583984,
    44.39605712890625,
    41.03219985961914,
    84.91950225830078,
    98.31562805175781,
    45.06967544555664,
    112.71820068359375,
    80.4393081665039,
    64.10770416259766,
    96.57784271240234,
    95.5113525390625,
    92.4533462524414,
    21.560195922851562,
    119.1259765625,
    125.0,
    40.28131103515625,
    26.600196838378906,
    75.71021270751953,
    67.9039077758789,
    115.0940933227539,
    8.007925987243652,
    125.0,
    61.18482208251953,
    106.93470001220703,
    123.49699401855469,
    124.66773223876953,
    122.88898468017578,
    29.788433074951172,
    111.23444366455078,
    123.117431640625,
    62.35127258300781,
