{
  "experiment_name": "fd004_phase3_universal_v2_ms_cnn",
  "dataset": "FD004",
  "phase": "phase3",
  "encoder_type": "universal_v2",
  "d_model": 64,
  "num_layers": 3,
  "nhead": 4,
  "dim_feedforward": null,
  "dropout": 0.1,
  "kernel_sizes": [
    3,
    5,
    9
  ],
  "seq_encoder_type": "transformer",
  "use_layer_norm": true,
  "max_seq_len": 300,
  "use_condition_embedding": true,
  "cond_emb_dim": 4,
  "smooth_hi_weight": 0.02,
  "rul_beta": 45.0,
  "health_loss_weight": 0.3,
  "mono_late_weight": 0.02,
  "mono_global_weight": 0.003,
  "hi_condition_calib_weight": 0.0,
  "val_rmse": 24.897287783307718,
  "val_mae": 19.533475875854492,
  "val_bias": -9.511473655700684,
  "val_r2": 0.6366006135940552,
  "val_nasa_mean": 44.51423994304023,
  "test_rmse": 25.976102913093605,
  "test_mae": 20.693610527823047,
  "test_bias": -5.975822650617169,
  "test_r2": 0.6347485698985401,
  "test_nasa_mean": 40.0947146936575,
  "diagnostics": {
    "num_engines": 248,
    "mean_error": -79.55251332252256,
    "std_error": 54.491477082344815,
    "mean_abs_error": 79.59743573204163,
    "median_error": -80.77786803245544,
    "mean_nasa": 78525.05738410873,
    "median_nasa": 498.53728424168185,
    "selected_engines": [
      31,
      158,
      12,
      19,
      246,
      127,
      210,
      234,
      4,
      86
    ],
    "plots_generated": [
      "eol_error_hist.png",
      "nasa_per_engine_bar.png",
      "rul_trajectories_10_engines.png",
      "hi_trajectories_10_engines.png"
    ]
  }
}