{
  "experiment_name": "fd004_phase2_transformer_hi_condcalib",
  "dataset": "FD004",
  "phase": "phase2",
  "encoder_type": "transformer",
  "d_model": 48,
  "nhead": 4,
  "num_layers": 3,
  "dim_feedforward": 256,
  "dropout": 0.1,
  "max_len": 300,
  "use_condition_embedding": true,
  "cond_emb_dim": 4,
  "smooth_hi_weight": 0.02,
  "rul_beta": 45.0,
  "health_loss_weight": 0.5,
  "mono_late_weight": 0.08,
  "mono_global_weight": 0.005,
  "hi_condition_calib_weight": 0.03,
  "val_rmse": 22.27563851037545,
  "val_mae": 16.49917221069336,
  "val_bias": -6.224752426147461,
  "val_r2": 0.7091021537780762,
  "val_nasa_mean": 29.882968249377,
  "test_rmse": 21.31524715440858,
  "test_mae": 16.189814330108703,
  "test_bias": -3.363482237823548,
  "test_r2": 0.7540625430194821,
  "test_nasa_mean": 11.111525644412147
}