{
  "pointwise": {
    "mse": 649.5079825876782,
    "rmse": 25.485446485939345,
    "mae": 17.657317721074627,
    "bias": 6.643131457990216,
    "r2": 0.6484165482557764
  },
  "eol": {
    "rmse": 25.485446485939345,
    "mae": 17.657317721074627,
    "bias": 6.643131457990216,
    "nasa_score_sum": 24156.416485250673,
    "nasa_score_mean": 97.40490518246239,
    "num_engines": 248
  },
  "nasa_pointwise": {
    "score_sum": 24156.416485250673,
    "score_mean": 97.40490518246239
  },
  "nasa_test": {
    "score_sum": 24156.416485250673,
    "score_mean": 97.40490518246239
  },
  "y_true": [
    22.0,
    39.0,
    107.0,
    75.0,
    125.0,
    78.0,
    94.0,
    14.0,
    99.0,
    125.0,
    125.0,
    7.0,
    71.0,
    105.0,
    12.0,
    125.0,
    125.0,
    104.0,
    125.0,
    82.0,
    91.0,
    11.0,
    26.0,
    125.0,
    39.0,
    92.0,
    76.0,
    124.0,
    64.0,
    118.0,
    6.0,
    22.0,
    125.0,
    125.0,
    36.0,
    73.0,
    89.0,
    11.0,
    125.0,
    10.0,
    97.0,
    30.0,
    42.0,
    60.0,
    85.0,
    125.0,
    34.0,
    45.0,
    24.0,
    86.0,
    119.0,
    125.0,
    125.0,
    125.0,
    125.0,
    67.0,
    97.0,
    8.0,
    125.0,
    125.0,
    51.0,
    33.0,
    125.0,
    46.0,
    12.0,
    125.0,
    46.0,
    46.0,
    12.0,
    33.0,
    15.0,
    125.0,
    23.0,
    89.0,
    124.0,
    125.0,
    25.0,
    74.0,
    78.0,
    114.0,
    96.0,
    10.0,
    125.0,
    125.0,
    115.0,
    70.0,
    94.0,
    56.0,
    86.0,
    96.0,
    50.0,
    73.0,
    125.0,
    125.0,
    125.0,
    71.0,
    105.0,
    113.0,
    37.0,
    7.0,
    13.0,
    22.0,
    9.0,
    120.0,
    100.0,
    107.0,
    41.0,
    125.0,
    125.0,
    59.0,
    18.0,
    66.0,
    13.0,
    14.0,
    125.0,
    13.0,
    75.0,
    8.0,
    109.0,
    125.0,
    41.0,
    125.0,
    23.0,
    86.0,
    125.0,
    15.0,
    125.0,
    125.0,
    120.0,
    125.0,
    101.0,
    116.0,
    125.0,
    36.0,
    7.0,
    122.0,
    125.0,
    88.0,
    125.0,
    125.0,
    125.0,
    108.0,
    53.0,
    125.0,
    59.0,
    100.0,
    56.0,
    125.0,
    76.0,
    57.0,
    31.0,
    88.0,
    125.0,
    34.0,
    7.0,
    125.0,
    125.0,
    6.0,
    22.0,
    83.0,
    82.0,
    84.0,
    95.0,
    125.0,
    111.0,
    72.0,
    109.0,
    87.0,
    125.0,
    125.0,
    125.0,
    12.0,
    8.0,
    10.0,
    123.0,
    103.0,
    12.0,
    106.0,
    12.0,
    32.0,
    37.0,
    116.0,
    15.0,
    10.0,
    46.0,
    125.0,
    24.0,
    125.0,
    56.0,
    43.0,
    125.0,
    71.0,
    104.0,
    15.0,
    125.0,
    89.0,
    36.0,
    11.0,
    92.0,
    96.0,
    59.0,
    13.0,
    125.0,
    125.0,
    125.0,
    109.0,
    116.0,
    91.0,
    11.0,
    88.0,
    108.0,
    76.0,
    14.0,
    89.0,
    125.0,
    17.0,
    66.0,
    125.0,
    41.0,
    125.0,
    73.0,
    39.0,
    58.0,
    14.0,
    125.0,
    88.0,
    125.0,
    125.0,
    120.0,
    98.0,
    33.0,
    125.0,
    110.0,
    68.0,
    24.0,
    75.0,
    18.0,
    16.0,
    125.0,
    98.0,
    125.0,
    81.0,
    118.0,
    35.0,
    125.0,
    125.0,
    112.0,
    26.0
  ],
  "y_pred": [
    68.21139526367188,
    65.31843566894531,
    119.25648498535156,
    125.0,
    90.94174194335938,
    124.85096740722656,
    76.94575500488281,
    7.955481052398682,
    124.3344497680664,
    125.0,
    100.01021575927734,
    19.260339736938477,
    114.36846160888672,
    94.98888397216797,
    50.14491271972656,
    123.1465835571289,
    102.16717529296875,
    118.98680114746094,
    121.51994323730469,
    44.95768356323242,
    85.20339965820312,
    21.471158981323242,
    41.96863555908203,
    124.7867431640625,
    14.370240211486816,
    76.40576934814453,
    63.343658447265625,
    123.15335845947266,
    89.36787414550781,
    112.75900268554688,
    53.7269287109375,
    11.123930931091309,
    122.3020248413086,
    120.4070816040039,
    42.0894775390625,
    100.48487091064453,
    84.87408447265625,
    21.059783935546875,
    89.00847625732422,
    42.00331497192383,
    120.98755645751953,
    21.17865562438965,
    117.63221740722656,
    47.42994689941406,
    120.07324981689453,
    124.95761108398438,
    32.92689514160156,
    124.12199401855469,
    33.463783264160156,
    122.94881439208984,
    120.94824981689453,
    123.49100494384766,
    121.83116149902344,
    99.61698150634766,
    124.55860900878906,
    112.1999282836914,
    125.0,
    10.535748481750488,
    123.81501770019531,
    120.38607025146484,
    41.375823974609375,
    77.02951049804688,
    98.57798767089844,
    62.91323471069336,
    33.77244567871094,
    119.30001831054688,
    61.654319763183594,
    59.078670501708984,
    23.420019149780273,
    40.330162048339844,
    10.409356117248535,
    121.7334976196289,
    22.737390518188477,
    79.16881561279297,
    101.57166290283203,
    124.16106414794922,
    77.88883972167969,
    100.25566864013672,
    121.54571533203125,
    60.411808013916016,
    94.55538940429688,
    71.77156066894531,
    119.3005142211914,
    107.42283630371094,
    120.22286224365234,
    59.043304443359375,
    122.91604614257812,
    115.40048217773438,
    46.33747863769531,
    78.08329772949219,
    59.27326202392578,
    67.56777954101562,
    120.57315826416016,
    122.02346801757812,
    121.84855651855469,
    75.30255126953125,
    107.65315246582031,
    120.77005004882812,
    72.37316131591797,
    29.6804141998291,
    17.422143936157227,
    29.35747718811035,
    50.14490509033203,
    122.36941528320312,
    98.26362609863281,
    57.62196350097656,
    123.92607879638672,
    84.94754028320312,
    125.0,
    47.28234100341797,
    19.883644104003906,
    83.96484375,
    41.7818603515625,
    31.1735782623291,
    119.68295288085938,
    25.606393814086914,
    123.4130859375,
    32.2529296875,
    77.92403411865234,
    109.67889404296875,
    56.6917839050293,
    123.25094604492188,
    31.76637840270996,
    60.42789840698242,
    125.0,
    17.32698631286621,
    121.32389831542969,
    120.0119400024414,
    121.42341613769531,
    119.30101776123047,
    84.61172485351562,
    114.84855651855469,
    122.30611419677734,
    64.44119262695312,
    9.46757698059082,
    123.29904174804688,
    94.39445495605469,
    112.37994384765625,
    124.65098571777344,
    119.02562713623047,
    120.0141372680664,
    125.0,
    59.63641357421875,
    123.23484802246094,
    93.07555389404297,
    102.0828628540039,
    78.20909118652344,
    103.92448425292969,
    85.70164489746094,
    23.017168045043945,
    11.180481910705566,
    96.9330062866211,
    121.82217407226562,
    65.3353042602539,
    20.1701602935791,
    122.40354919433594,
    124.07424926757812,
    11.165641784667969,
    23.164213180541992,
    117.3501968383789,
    123.37991333007812,
    61.42402648925781,
    92.9126968383789,
    125.0,
    124.8670425415039,
    114.81322479248047,
    96.71237182617188,
    93.871337890625,
    125.0,
    125.0,
    106.07958984375,
    78.40660858154297,
    8.138162612915039,
    99.4390869140625,
    97.46644592285156,
    112.9552230834961,
    64.1751480102539,
    106.67532348632812,
    20.914873123168945,
    36.54836654663086,
    11.559650421142578,
    121.27145385742188,
    48.6971549987793,
    25.48734474182129,
    118.52568817138672,
    123.0010986328125,
    90.46453857421875,
    121.96127319335938,
    74.04138946533203,
    73.97862243652344,
    80.79846954345703,
    72.96530151367188,
    95.31938934326172,
    11.819159507751465,
    122.80035400390625,
    121.82891082763672,
    75.3175277709961,
    40.14350891113281,
    48.28959655761719,
    88.10194396972656,
    123.50373840332031,
    8.939205169677734,
    124.29413604736328,
    123.82044219970703,
    100.39983367919922,
    111.72884368896484,
    123.1535873413086,
    99.44831848144531,
    31.619306564331055,
    115.30416107177734,
