{
  "experiment_name": "fd004_phase3_universal_v2_ms_cnn_strongmono",
  "dataset": "FD004",
  "phase": "phase3",
  "encoder_type": "universal_v2",
  "d_model": 64,
  "num_layers": 3,
  "nhead": 4,
  "dim_feedforward": null,
  "dropout": 0.1,
  "kernel_sizes": [
    3,
    5,
    9
  ],
  "seq_encoder_type": "transformer",
  "use_layer_norm": true,
  "max_seq_len": 300,
  "use_condition_embedding": true,
  "cond_emb_dim": 4,
  "smooth_hi_weight": 0.02,
  "rul_beta": 45.0,
  "health_loss_weight": 0.3,
  "mono_late_weight": 0.03,
  "mono_global_weight": 0.003,
  "hi_condition_calib_weight": 0.0,
  "val_rmse": 27.582553203264876,
  "val_mae": 22.205366134643555,
  "val_bias": 8.876333236694336,
  "val_r2": 0.5539853572845459,
  "val_nasa_mean": 102.07058784264864,
  "test_rmse": 22.930924067661802,
  "test_mae": 15.943392961255965,
  "test_bias": 3.7072163935630553,
  "test_r2": 0.7153658236903913,
  "test_nasa_mean": 24.398883138901823,
  "diagnostics": {
    "num_engines": 248,
    "mean_error": -83.66041813550457,
    "std_error": 54.52102188286444,
    "mean_abs_error": 83.66041813550457,
    "median_error": -84.99896812438965,
    "mean_nasa": 107262.0506247608,
    "median_nasa": 690.1908932122908,
    "selected_engines": [
      31,
      158,
      12,
      19,
      246,
      127,
      190,
      2,
      211,
      25
    ],
    "plots_generated": [
      "eol_error_hist.png",
      "nasa_per_engine_bar.png",
      "rul_trajectories_10_engines.png",
      "hi_trajectories_10_engines.png"
    ]
  }
}