{
  "experiment_name": "fd004_phase2_transformer_baseline",
  "dataset": "FD004",
  "phase": "phase2",
  "encoder_type": "transformer",
  "d_model": 48,
  "nhead": 4,
  "num_layers": 3,
  "dim_feedforward": 256,
  "dropout": 0.1,
  "max_len": 300,
  "use_condition_embedding": true,
  "cond_emb_dim": 4,
  "smooth_hi_weight": 0.02,
  "rul_beta": 45.0,
  "health_loss_weight": 0.35,
  "mono_late_weight": 0.03,
  "mono_global_weight": 0.003,
  "hi_condition_calib_weight": 0.0,
  "val_rmse": 21.149726075907875,
  "val_mae": 14.248135566711426,
  "val_bias": -3.9916341304779053,
  "val_r2": 0.7377656102180481,
  "val_nasa_mean": 31.00798771804913,
  "test_rmse": 21.0233239600887,
  "test_mae": 15.648877466878583,
  "test_bias": -1.5683277653109642,
  "test_r2": 0.7607528913861028,
  "test_nasa_mean": 11.066233805918428
}