{
  "experiment_name": "fd004_phase3_universal_v2_ms_cnn_d96",
  "dataset": "FD004",
  "phase": "phase3",
  "encoder_type": "universal_v2",
  "d_model": 96,
  "num_layers": 3,
  "nhead": 4,
  "dim_feedforward": null,
  "dropout": 0.1,
  "kernel_sizes": [
    3,
    5,
    9
  ],
  "seq_encoder_type": "transformer",
  "use_layer_norm": true,
  "max_seq_len": 300,
  "use_condition_embedding": true,
  "cond_emb_dim": 4,
  "smooth_hi_weight": 0.02,
  "rul_beta": 45.0,
  "health_loss_weight": 0.3,
  "mono_late_weight": 0.02,
  "mono_global_weight": 0.003,
  "hi_condition_calib_weight": 0.0,
  "val_rmse": 25.247986363860534,
  "val_mae": 19.49336051940918,
  "val_bias": 3.729401111602783,
  "val_r2": 0.6262909173965454,
  "val_nasa_mean": 59.33647427910288,
  "test_rmse": 23.775126949460958,
  "test_mae": 16.464322148792206,
  "test_bias": -0.08732540857407355,
  "test_r2": 0.6940224085209843,
  "test_nasa_mean": 21.21939128678947,
  "diagnostics": {
    "num_engines": 248,
    "mse": 4886.809196042137,
    "rmse": 69.90571647613761,
    "mae": 56.550399762968866,
    "bias": -18.906640027799913,
    "mean_error": -18.906640027799913,
    "std_error": 67.30043208554706,
    "mean_abs_error": 56.550399762968866,
    "median_error": -14.361492156982422,
    "r2": -1.645265787673328,
    "nasa_mean": 6269.41625131517,
    "nasa_sum": 1554815.230326162,
    "nasa_median": 60.32604794057232,
    "selected_engines": [
      31,
      158,
      12,
      241,
      245,
      246,
      37,
      92,
      117,
      222
    ],
    "plots_generated": [
      "eol_error_hist.png",
      "nasa_per_engine_bar.png",
      "rul_trajectories_10_engines.png",
      "hi_trajectories_10_engines.png"
    ],
    "plots": {
      "eol_error_hist": "..\\results\\fd004\\fd004_phase3_universal_v2_ms_cnn_d96\\eol_error_hist.png",
      "nasa_per_engine_bar": "..\\results\\fd004\\fd004_phase3_universal_v2_ms_cnn_d96\\nasa_per_engine_bar.png",
      "rul_trajectories": "..\\results\\fd004\\fd004_phase3_universal_v2_ms_cnn_d96\\rul_trajectories_10_engines.png",
      "hi_trajectories": "..\\results\\fd004\\fd004_phase3_universal_v2_ms_cnn_d96\\hi_trajectories_10_engines.png"
    }
  },
  "eol_diagnostics": {
    "num_engines": 248,
    "mse": 4886.809196042137,
    "rmse": 69.90571647613761,
    "mae": 56.550399762968866,
    "bias": -18.906640027799913,
    "mean_error": -18.906640027799913,
    "std_error": 67.30043208554706,
    "mean_abs_error": 56.550399762968866,
    "median_error": -14.361492156982422,
    "r2": -1.645265787673328,
    "nasa_mean": 6269.41625131517,
    "nasa_sum": 1554815.230326162,
    "nasa_median": 60.32604794057232,
    "selected_engines": [
      31,
      158,
      12,
      241,
      245,
      246,
      37,
      92,
      117,
      222
    ],
    "plots_generated": [
      "eol_error_hist.png",
      "nasa_per_engine_bar.png",
      "rul_trajectories_10_engines.png",
      "hi_trajectories_10_engines.png"
    ],
    "plots": {
      "eol_error_hist": "..\\results\\fd004\\fd004_phase3_universal_v2_ms_cnn_d96\\eol_error_hist.png",
      "nasa_per_engine_bar": "..\\results\\fd004\\fd004_phase3_universal_v2_ms_cnn_d96\\nasa_per_engine_bar.png",
      "rul_trajectories": "..\\results\\fd004\\fd004_phase3_universal_v2_ms_cnn_d96\\rul_trajectories_10_engines.png",
      "hi_trajectories": "..\\results\\fd004\\fd004_phase3_universal_v2_ms_cnn_d96\\hi_trajectories_10_engines.png"
    }
  }
}