{
  "pointwise": {
    "mse": 206.97729999889597,
    "rmse": 14.386705668737926,
    "mae": 10.11633120059967,
    "bias": 0.9150082540512084,
    "r2": 0.8711118445333155
  },
  "eol": {
    "rmse": 14.386705668737926,
    "mae": 10.11633120059967,
    "bias": 0.9150082540512084,
    "nasa_score_sum": 395.7727122592532,
    "nasa_score_mean": 3.957727122592532,
    "num_engines": 100
  },
  "nasa_pointwise": {
    "score_sum": 395.7727122592532,
    "score_mean": 3.957727122592532
  },
  "nasa_test": {
    "score_sum": 395.7727122592532,
    "score_mean": 3.957727122592532
  },
  "y_true": [
    112.0,
    98.0,
    69.0,
    82.0,
    91.0,
    93.0,
    91.0,
    95.0,
    111.0,
    96.0,
    97.0,
    124.0,
    95.0,
    107.0,
    83.0,
    84.0,
    50.0,
    28.0,
    87.0,
    16.0,
    57.0,
    111.0,
    113.0,
    20.0,
    125.0,
    119.0,
    66.0,
    97.0,
    90.0,
    115.0,
    8.0,
    48.0,
    106.0,
    7.0,
    11.0,
    19.0,
    21.0,
    50.0,
    125.0,
    28.0,
    18.0,
    10.0,
    59.0,
    109.0,
    114.0,
    47.0,
    125.0,
    92.0,
    21.0,
    79.0,
    114.0,
    29.0,
    26.0,
    97.0,
    125.0,
    15.0,
    103.0,
    37.0,
    114.0,
    100.0,
    21.0,
    54.0,
    72.0,
    28.0,
    125.0,
    14.0,
    77.0,
    8.0,
    121.0,
    94.0,
    118.0,
    50.0,
    125.0,
    125.0,
    113.0,
    10.0,
    34.0,
    107.0,
    63.0,
    90.0,
    8.0,
    9.0,
    125.0,
    58.0,
    118.0,
    89.0,
    116.0,
    115.0,
    125.0,
    28.0,
    38.0,
    20.0,
    85.0,
    55.0,
    125.0,
    125.0,
    82.0,
    59.0,
    117.0,
    20.0
  ],
  "y_pred": [
    124.73121643066406,
    123.33332061767578,
    49.4869384765625,
    99.3393783569336,
    85.25164794921875,
    101.97583770751953,
    108.66808319091797,
    81.77457427978516,
    115.92515563964844,
    74.83485412597656,
    99.01577758789062,
    87.82251739501953,
    77.49217224121094,
    120.53050231933594,
    121.3509521484375,
    90.72266387939453,
    53.72088623046875,
    28.32439422607422,
    100.82569122314453,
    18.986759185791016,
    59.04983139038086,
    124.3544692993164,
    123.41699981689453,
    27.226032257080078,
    123.58484649658203,
    123.7664566040039,
    67.40959930419922,
    91.4430160522461,
    70.82683563232422,
    70.74109649658203,
    4.271707057952881,
    52.759559631347656,
    123.80781555175781,
    8.463433265686035,
    11.241591453552246,
    22.184185028076172,
    20.322280883789062,
    50.91227340698242,
    124.7089614868164,
    30.26403045654297,
    15.690701484680176,
    11.726350784301758,
    62.44662857055664,
    123.98731994628906,
    104.75398254394531,
    37.98530578613281,
    123.26497650146484,
    119.21121978759766,
    15.861054420471191,
    89.748046875,
    84.96675109863281,
    36.63132095336914,
    33.35901641845703,
    109.82695770263672,
    121.26171875,
    14.29977798461914,
    98.85369110107422,
    37.24818801879883,
    122.44048309326172,
    100.94788360595703,
    28.06680679321289,
    43.71479797363281,
    63.81283187866211,
    24.78440284729004,
    120.24002838134766,
    17.218944549560547,
    123.46219635009766,
    7.527647495269775,
    122.83019256591797,
    74.45674896240234,
    115.79923248291016,
    62.4744987487793,
    107.50518035888672,
    119.79865264892578,
    118.14551544189453,
    5.5697479248046875,
    29.554401397705078,
    124.18661499023438,
    88.5406265258789,
    72.48534393310547,
    5.080111026763916,
    10.174627304077148,
    122.90962219238281,
    56.780723571777344,
    124.5870590209961,
    113.75594329833984,
    124.61148834228516,
    94.4454345703125,
    112.74695587158203,
    29.102088928222656,
    28.627710342407227,
    24.490034103393555,
    47.390220642089844,
    52.34328842163086,
    119.7119369506836,
    114.43415069580078,
    105.54962921142578,
    87.28685760498047,
    117.20353698730469,
    15.7152738571167
  ],
  "unit_ids": [
    1,
    2,
    3,
    4,
    5,
    6,
    7,
    8,
    9,
    10,
    11,
    12,
    13,
    14,
    15,
    16,
    17,
    18,
    19,
    20,
    21,
    22,
    23,
    24,
    25,
    26,
    27,
    28,
    29,
    30,
    31,
    32,
    33,
    34,
    35,
    36,
    37,
    38,
    39,
    40,
    41,
    42,
    43,
    44,
    45,
    46,
    47,
    48,
    49,
    50,
    51,
    52,
    53,
    54,
    55,
    56,
    57,
    58,
    59,
    60,
    61,
    62,
    63,
    64,
    65,
    66,
    67,
    68,
    69,
    70,
    71,
    72,
    73,
    74,
    75,
    76,
    77,
    78,
    79,
    80,
    81,
    82,
    83,
    84,
    85,
    86,
    87,
    88,
    89,
    90,
    91,
    92,
    93,
    94,
    95,
    96,
    97,
    98,
    99,
    100
  ]
}