{
  "pointwise": {
    "mse": 246.83758961719678,
    "rmse": 15.711065833265316,
    "mae": 11.797465510368347,
    "bias": -1.6898439741134643,
    "r2": 0.8462901891860961
  },
  "eol": {
    "rmse": 15.711065833265316,
    "mae": 11.797465510368347,
    "bias": -1.6898439741134643,
    "nasa_score_sum": 365.8858041061853,
    "nasa_score_mean": 3.658858041061853,
    "num_engines": 100
  },
  "nasa_pointwise": {
    "score_sum": 365.8858041061853,
    "score_mean": 3.658858041061853
  },
  "nasa_test": {
    "score_sum": 365.8858041061853,
    "score_mean": 3.658858041061853
  },
  "y_true": [
    112.0,
    98.0,
    69.0,
    82.0,
    91.0,
    93.0,
    91.0,
    95.0,
    111.0,
    96.0,
    97.0,
    124.0,
    95.0,
    107.0,
    83.0,
    84.0,
    50.0,
    28.0,
    87.0,
    16.0,
    57.0,
    111.0,
    113.0,
    20.0,
    125.0,
    119.0,
    66.0,
    97.0,
    90.0,
    115.0,
    8.0,
    48.0,
    106.0,
    7.0,
    11.0,
    19.0,
    21.0,
    50.0,
    125.0,
    28.0,
    18.0,
    10.0,
    59.0,
    109.0,
    114.0,
    47.0,
    125.0,
    92.0,
    21.0,
    79.0,
    114.0,
    29.0,
    26.0,
    97.0,
    125.0,
    15.0,
    103.0,
    37.0,
    114.0,
    100.0,
    21.0,
    54.0,
    72.0,
    28.0,
    125.0,
    14.0,
    77.0,
    8.0,
    121.0,
    94.0,
    118.0,
    50.0,
    125.0,
    125.0,
    113.0,
    10.0,
    34.0,
    107.0,
    63.0,
    90.0,
    8.0,
    9.0,
    125.0,
    58.0,
    118.0,
    89.0,
    116.0,
    115.0,
    125.0,
    28.0,
    38.0,
    20.0,
    85.0,
    55.0,
    125.0,
    125.0,
    82.0,
    59.0,
    117.0,
    20.0
  ],
  "y_pred": [
    118.79183959960938,
    117.13319396972656,
    60.24026870727539,
    79.36371612548828,
    95.63568878173828,
    117.1194076538086,
    93.91281127929688,
    63.337196350097656,
    118.7660903930664,
    80.11361694335938,
    88.11587524414062,
    100.76284790039062,
    76.87649536132812,
    118.6990737915039,
    112.69451904296875,
    100.62384796142578,
    68.69570922851562,
    44.76432800292969,
    83.31570434570312,
    13.52769660949707,
    76.87796783447266,
    118.77835083007812,
    118.23887634277344,
    27.624858856201172,
    118.57331848144531,
    117.76225280761719,
    57.75965881347656,
    79.007080078125,
    77.43968200683594,
    68.54120635986328,
    3.913684606552124,
    52.34242248535156,
    114.60420989990234,
    9.225116729736328,
    16.368309020996094,
    19.950735092163086,
    23.490907669067383,
    54.39820861816406,
    118.75981140136719,
    37.33958435058594,
    17.82370948791504,
    7.923402309417725,
    53.95390319824219,
    116.99554443359375,
    92.69287109375,
    42.462825775146484,
    118.65956115722656,
    116.66317749023438,
    16.663898468017578,
    104.82169342041016,
    82.30247497558594,
    33.917823791503906,
    34.44683074951172,
    113.84233093261719,
    118.49622344970703,
    16.41031265258789,
    77.2674560546875,
    37.784114837646484,
    117.52726745605469,
    74.99779510498047,
    25.793779373168945,
    51.16161346435547,
    74.8077621459961,
    24.60329818725586,
    110.01176452636719,
    16.07147216796875,
    116.16615295410156,
    9.539848327636719,
    102.06843566894531,
    70.82522583007812,
    95.5673828125,
    60.1232795715332,
    96.35455322265625,
    113.36796569824219,
    98.90364074707031,
    3.4366753101348877,
    29.988780975341797,
    118.35066986083984,
    95.0160140991211,
    72.08735656738281,
    10.465147972106934,
    12.129809379577637,
    118.6208267211914,
    56.87834167480469,
    118.56095123291016,
    103.2833023071289,
    116.8414306640625,
    92.74898529052734,
    90.59889221191406,
    30.61347007751465,
    24.869609832763672,
    26.81508445739746,
    47.41999816894531,
    59.62664031982422,
    94.66580200195312,
    118.48705291748047,
    95.59645080566406,
    78.66508483886719,
    118.42957305908203,
    17.314090728759766
  ],
  "unit_ids": [
    1,
    2,
    3,
    4,
    5,
    6,
    7,
    8,
    9,
    10,
    11,
    12,
    13,
    14,
    15,
    16,
    17,
    18,
    19,
    20,
    21,
    22,
    23,
    24,
    25,
    26,
    27,
    28,
    29,
    30,
    31,
    32,
    33,
    34,
    35,
    36,
    37,
    38,
    39,
    40,
    41,
    42,
    43,
    44,
    45,
    46,
    47,
    48,
    49,
    50,
    51,
    52,
    53,
    54,
    55,
    56,
    57,
    58,
    59,
    60,
    61,
    62,
    63,
    64,
    65,
    66,
    67,
    68,
    69,
    70,
    71,
    72,
    73,
    74,
    75,
    76,
    77,
    78,
    79,
    80,
    81,
    82,
    83,
    84,
    85,
    86,
    87,
    88,
    89,
    90,
    91,
    92,
    93,
    94,
    95,
    96,
    97,
    98,
    99,
    100
  ]
}