{
  "experiment_name": "fd004_phase2_transformer_hi_strong",
  "dataset": "FD004",
  "phase": "phase2",
  "encoder_type": "transformer",
  "d_model": 48,
  "nhead": 4,
  "num_layers": 3,
  "dim_feedforward": 256,
  "dropout": 0.1,
  "max_len": 300,
  "use_condition_embedding": true,
  "cond_emb_dim": 4,
  "smooth_hi_weight": 0.02,
  "rul_beta": 45.0,
  "health_loss_weight": 0.5,
  "mono_late_weight": 0.08,
  "mono_global_weight": 0.005,
  "hi_condition_calib_weight": 0.0,
  "val_rmse": 20.919489250877472,
  "val_mae": 14.996359825134277,
  "val_bias": -5.397855281829834,
  "val_r2": 0.7434439063072205,
  "val_nasa_mean": 37.08489453542186,
  "test_rmse": 23.19562601720671,
  "test_mae": 17.428320498235763,
  "test_bias": -3.024553281645621,
  "test_r2": 0.708756575719002,
  "test_nasa_mean": 16.643515620363175
}