{
  "pointwise": {
    "mse": 149.58325151896202,
    "rmse": 12.230423194598051,
    "mae": 8.090813641548158,
    "bias": 2.274964919090271,
    "r2": 0.9024869832150865
  },
  "eol": {
    "rmse": 12.230423194598051,
    "mae": 8.090813641548158,
    "bias": 2.274964919090271,
    "nasa_score_sum": 299.8712649882389,
    "nasa_score_mean": 2.998712649882389,
    "num_engines": 100
  },
  "nasa_pointwise": {
    "score_sum": 299.8712649882389,
    "score_mean": 2.998712649882389
  },
  "nasa_test": {
    "score_sum": 299.8712649882389,
    "score_mean": 2.998712649882389
  },
  "y_true": [
    44.0,
    51.0,
    27.0,
    120.0,
    101.0,
    99.0,
    71.0,
    55.0,
    55.0,
    66.0,
    77.0,
    115.0,
    115.0,
    31.0,
    108.0,
    56.0,
    125.0,
    125.0,
    85.0,
    56.0,
    18.0,
    119.0,
    78.0,
    9.0,
    58.0,
    11.0,
    88.0,
    125.0,
    124.0,
    89.0,
    79.0,
    55.0,
    71.0,
    65.0,
    87.0,
    125.0,
    125.0,
    22.0,
    8.0,
    41.0,
    125.0,
    115.0,
    125.0,
    69.0,
    111.0,
    7.0,
    125.0,
    55.0,
    125.0,
    11.0,
    78.0,
    120.0,
    87.0,
    87.0,
    55.0,
    93.0,
    88.0,
    40.0,
    49.0,
    125.0,
    125.0,
    58.0,
    117.0,
    28.0,
    115.0,
    87.0,
    92.0,
    103.0,
    100.0,
    63.0,
    35.0,
    45.0,
    99.0,
    117.0,
    45.0,
    27.0,
    86.0,
    20.0,
    18.0,
    125.0,
    15.0,
    6.0,
    125.0,
    104.0,
    56.0,
    25.0,
    68.0,
    125.0,
    41.0,
    51.0,
    81.0,
    14.0,
    67.0,
    10.0,
    125.0,
    113.0,
    123.0,
    17.0,
    8.0,
    28.0
  ],
  "y_pred": [
    44.240787506103516,
    56.17635726928711,
    29.525056838989258,
    124.5470962524414,
    102.21490478515625,
    123.8070068359375,
    89.24620819091797,
    47.42144775390625,
    47.28755569458008,
    67.26344299316406,
    83.15357208251953,
    123.8910140991211,
    115.51033020019531,
    28.739717483520508,
    124.68035888671875,
    73.4408950805664,
    123.69568634033203,
    115.15644836425781,
    124.47740936279297,
    59.9475212097168,
    15.71723747253418,
    109.69112396240234,
    73.65269470214844,
    10.510456085205078,
    38.6327018737793,
    14.040234565734863,
    122.07083129882812,
    123.5826644897461,
    124.62373352050781,
    90.54279327392578,
    81.43862915039062,
    59.98091125488281,
    78.21070098876953,
    69.56709289550781,
    96.21135711669922,
    121.09439086914062,
    124.90400695800781,
    32.02050018310547,
    7.334333896636963,
    36.84006118774414,
    124.89353942871094,
    111.46285247802734,
    123.13679504394531,
    60.078880310058594,
    117.33804321289062,
    7.259084224700928,
    116.27035522460938,
    50.621036529541016,
    122.6712417602539,
    16.36690902709961,
    98.01748657226562,
    119.41806030273438,
    105.4289321899414,
    123.90585327148438,
    48.96272659301758,
    84.25140380859375,
    69.17498016357422,
    44.73005294799805,
    43.67679214477539,
    116.13468933105469,
    123.07906341552734,
    60.02827072143555,
    122.86544036865234,
    29.13863182067871,
    124.15740203857422,
    79.91531372070312,
    105.70822143554688,
    117.56316375732422,
    124.56669616699219,
    82.65831756591797,
    36.52765655517578,
    46.41160583496094,
    97.34532928466797,
    124.57435607910156,
    39.74120330810547,
    23.515460968017578,
    73.46309661865234,
    19.83730697631836,
    16.10621452331543,
    121.2433853149414,
    17.57635498046875,
    7.021328449249268,
    98.35694885253906,
    110.6500473022461,
    90.72306060791016,
    22.741029739379883,
    59.42387390136719,
    124.78775787353516,
    56.316890716552734,
    47.78486251831055,
    111.56494140625,
    12.379156112670898,
    66.86732482910156,
    7.205648422241211,
    90.66754150390625,
    98.94984436035156,
    124.89926147460938,
    18.17191505432129,
    8.779802322387695,
    21.293777465820312
  ],
  "unit_ids": [
    1,
    2,
    3,
    4,
    5,
    6,
    7,
    8,
    9,
    10,
    11,
    12,
    13,
    14,
    15,
    16,
    17,
    18,
    19,
    20,
    21,
    22,
    23,
    24,
    25,
    26,
    27,
    28,
    29,
    30,
    31,
    32,
    33,
    34,
    35,
    36,
    37,
    38,
    39,
    40,
    41,
    42,
    43,
    44,
    45,
    46,
    47,
    48,
    49,
    50,
    51,
    52,
    53,
    54,
    55,
    56,
    57,
    58,
    59,
    60,
    61,
    62,
    63,
    64,
    65,
    66,
    67,
    68,
    69,
    70,
    71,
    72,
    73,
    74,
    75,
    76,
    77,
    78,
    79,
    80,
    81,
    82,
    83,
    84,
    85,
    86,
    87,
    88,
    89,
    90,
    91,
    92,
    93,
    94,
    95,
    96,
    97,
    98,
    99,
    100
  ]
}