{
  "experiment_name": "fd002_phase2_transformer_baseline",
  "dataset": "FD002",
  "phase": "phase2",
  "encoder_type": "transformer",
  "d_model": 48,
  "nhead": 4,
  "num_layers": 3,
  "dim_feedforward": 256,
  "dropout": 0.1,
  "max_len": 300,
  "use_condition_embedding": true,
  "cond_emb_dim": 4,
  "smooth_hi_weight": 0.02,
  "rul_beta": 45.0,
  "health_loss_weight": 0.35,
  "mono_late_weight": 0.03,
  "mono_global_weight": 0.003,
  "hi_condition_calib_weight": 0.0,
  "val_rmse": 17.772239829152706,
  "val_mae": 12.217439651489258,
  "val_bias": -2.7171103954315186,
  "val_r2": 0.8189265131950378,
  "val_nasa_mean": 6.0808202144922,
  "test_rmse": 17.35587363071868,
  "test_mae": 12.11194218631877,
  "test_bias": 0.12957581221827208,
  "test_r2": 0.836625747409967,
  "test_nasa_mean": 7.424089357309554
}