{
  "pointwise": {
    "mse": 187.69174564592103,
    "rmse": 13.700063709557012,
    "mae": 10.078774485588074,
    "bias": 0.836715760231018,
    "r2": 0.8831212751700118
  },
  "eol": {
    "rmse": 13.700063709557012,
    "mae": 10.078774485588074,
    "bias": 0.836715760231018,
    "nasa_score_sum": 311.23416790224354,
    "nasa_score_mean": 3.1123416790224354,
    "num_engines": 100
  },
  "nasa_pointwise": {
    "score_sum": 311.23416790224354,
    "score_mean": 3.1123416790224354
  },
  "nasa_test": {
    "score_sum": 311.23416790224354,
    "score_mean": 3.1123416790224354
  },
  "y_true": [
    112.0,
    98.0,
    69.0,
    82.0,
    91.0,
    93.0,
    91.0,
    95.0,
    111.0,
    96.0,
    97.0,
    124.0,
    95.0,
    107.0,
    83.0,
    84.0,
    50.0,
    28.0,
    87.0,
    16.0,
    57.0,
    111.0,
    113.0,
    20.0,
    125.0,
    119.0,
    66.0,
    97.0,
    90.0,
    115.0,
    8.0,
    48.0,
    106.0,
    7.0,
    11.0,
    19.0,
    21.0,
    50.0,
    125.0,
    28.0,
    18.0,
    10.0,
    59.0,
    109.0,
    114.0,
    47.0,
    125.0,
    92.0,
    21.0,
    79.0,
    114.0,
    29.0,
    26.0,
    97.0,
    125.0,
    15.0,
    103.0,
    37.0,
    114.0,
    100.0,
    21.0,
    54.0,
    72.0,
    28.0,
    125.0,
    14.0,
    77.0,
    8.0,
    121.0,
    94.0,
    118.0,
    50.0,
    125.0,
    125.0,
    113.0,
    10.0,
    34.0,
    107.0,
    63.0,
    90.0,
    8.0,
    9.0,
    125.0,
    58.0,
    118.0,
    89.0,
    116.0,
    115.0,
    125.0,
    28.0,
    38.0,
    20.0,
    85.0,
    55.0,
    125.0,
    125.0,
    82.0,
    59.0,
    117.0,
    20.0
  ],
  "y_pred": [
    115.03050231933594,
    114.978515625,
    59.35588455200195,
    112.95670318603516,
    76.18599700927734,
    114.8221206665039,
    107.14762115478516,
    95.28650665283203,
    114.99276733398438,
    71.98770904541016,
    85.85636138916016,
    94.57520294189453,
    84.49301147460938,
    114.6947250366211,
    113.03533172607422,
    99.59175872802734,
    57.06626510620117,
    31.564464569091797,
    82.80542755126953,
    17.305627822875977,
    65.58528900146484,
    115.05039978027344,
    114.63819885253906,
    21.997406005859375,
    114.96646881103516,
    114.9924545288086,
    80.57762908935547,
    114.38398742675781,
    92.82688903808594,
    73.21792602539062,
    7.267298221588135,
    53.77549362182617,
    114.54121398925781,
    9.796455383300781,
    9.763543128967285,
    24.163433074951172,
    16.448944091796875,
    57.0351448059082,
    114.9916763305664,
    25.74512481689453,
    14.019821166992188,
    15.002910614013672,
    58.37839126586914,
    114.93709564208984,
    100.78825378417969,
    50.2715950012207,
    114.44075775146484,
    114.9953842163086,
    16.898380279541016,
    94.47621154785156,
    88.52459716796875,
    34.382164001464844,
    32.76014709472656,
    107.2437515258789,
    114.89703369140625,
    14.643331527709961,
    101.08812713623047,
    40.540245056152344,
    114.5141830444336,
    83.4447250366211,
    25.775676727294922,
    46.15591812133789,
    84.1823501586914,
    26.67081069946289,
    114.78617095947266,
    18.815807342529297,
    114.99420928955078,
    7.794344902038574,
    114.97611236572266,
    89.13964080810547,
    111.0210189819336,
    64.89640808105469,
    109.0719223022461,
    114.8921127319336,
    114.17594146728516,
    5.557070732116699,
    30.217056274414062,
    114.86910247802734,
    90.82611846923828,
    96.43561553955078,
    6.249156951904297,
    14.629963874816895,
    114.96308135986328,
    66.89231872558594,
    115.02346801757812,
    113.66399383544922,
    114.98217010498047,
    92.6949234008789,
    114.67720031738281,
    32.30144500732422,
    28.736343383789062,
    25.046070098876953,
    46.40205764770508,
    61.246742248535156,
    113.5438461303711,
    114.5960922241211,
    112.90361785888672,
    83.15099334716797,
    114.37335968017578,
    15.596736907958984
  ],
  "unit_ids": [
    1,
    2,
    3,
    4,
    5,
    6,
    7,
    8,
    9,
    10,
    11,
    12,
    13,
    14,
    15,
    16,
    17,
    18,
    19,
    20,
    21,
    22,
    23,
    24,
    25,
    26,
    27,
    28,
    29,
    30,
    31,
    32,
    33,
    34,
    35,
    36,
    37,
    38,
    39,
    40,
    41,
    42,
    43,
    44,
    45,
    46,
    47,
    48,
    49,
    50,
    51,
    52,
    53,
    54,
    55,
    56,
    57,
    58,
    59,
    60,
    61,
    62,
    63,
    64,
    65,
    66,
    67,
    68,
    69,
    70,
    71,
    72,
    73,
    74,
    75,
    76,
    77,
    78,
    79,
    80,
    81,
    82,
    83,
    84,
    85,
    86,
    87,
    88,
    89,
    90,
    91,
    92,
    93,
    94,
    95,
    96,
    97,
    98,
    99,
    100
  ]
}