{
  "experiment_name": "fd004_phase3_universal_v1_tuned",
  "dataset": "FD004",
  "phase": "phase3",
  "encoder_type": "universal_v1",
  "d_model": 32,
  "cnn_channels": null,
  "num_layers": 2,
  "nhead": 4,
  "dim_feedforward": 192,
  "dropout": 0.2,
  "max_seq_len": 300,
  "use_condition_embedding": true,
  "cond_emb_dim": 4,
  "smooth_hi_weight": 0.02,
  "rul_beta": 45.0,
  "health_loss_weight": 0.3,
  "mono_late_weight": 0.02,
  "mono_global_weight": 0.003,
  "hi_condition_calib_weight": 0.0,
  "val_rmse": 24.57470275761235,
  "val_mae": 17.605356216430664,
  "val_bias": -1.2441593408584595,
  "val_r2": 0.6459563970565796,
  "val_nasa_mean": 55.76157551619794,
  "test_rmse": 25.440212375527455,
  "test_mae": 18.576837116672145,
  "test_bias": 1.1799731062304588,
  "test_r2": 0.649663491374325,
  "test_nasa_mean": 129.96087084941462
}