{
  "pointwise": {
    "mse": 186.4665604049118,
    "rmse": 13.655275918300289,
    "mae": 9.299699454307556,
    "bias": 2.7504908800125123,
    "r2": 0.8784428293278256
  },
  "eol": {
    "rmse": 13.655275918300289,
    "mae": 9.299699454307556,
    "bias": 2.7504908800125123,
    "nasa_score_sum": 343.3092034021417,
    "nasa_score_mean": 3.433092034021417,
    "num_engines": 100
  },
  "nasa_pointwise": {
    "score_sum": 343.3092034021417,
    "score_mean": 3.433092034021417
  },
  "nasa_test": {
    "score_sum": 343.3092034021417,
    "score_mean": 3.433092034021417
  },
  "y_true": [
    44.0,
    51.0,
    27.0,
    120.0,
    101.0,
    99.0,
    71.0,
    55.0,
    55.0,
    66.0,
    77.0,
    115.0,
    115.0,
    31.0,
    108.0,
    56.0,
    125.0,
    125.0,
    85.0,
    56.0,
    18.0,
    119.0,
    78.0,
    9.0,
    58.0,
    11.0,
    88.0,
    125.0,
    124.0,
    89.0,
    79.0,
    55.0,
    71.0,
    65.0,
    87.0,
    125.0,
    125.0,
    22.0,
    8.0,
    41.0,
    125.0,
    115.0,
    125.0,
    69.0,
    111.0,
    7.0,
    125.0,
    55.0,
    125.0,
    11.0,
    78.0,
    120.0,
    87.0,
    87.0,
    55.0,
    93.0,
    88.0,
    40.0,
    49.0,
    125.0,
    125.0,
    58.0,
    117.0,
    28.0,
    115.0,
    87.0,
    92.0,
    103.0,
    100.0,
    63.0,
    35.0,
    45.0,
    99.0,
    117.0,
    45.0,
    27.0,
    86.0,
    20.0,
    18.0,
    125.0,
    15.0,
    6.0,
    125.0,
    104.0,
    56.0,
    25.0,
    68.0,
    125.0,
    41.0,
    51.0,
    81.0,
    14.0,
    67.0,
    10.0,
    125.0,
    113.0,
    123.0,
    17.0,
    8.0,
    28.0
  ],
  "y_pred": [
    48.4048957824707,
    55.74354934692383,
    29.41622543334961,
    124.39392852783203,
    88.81714630126953,
    124.09650421142578,
    89.4944076538086,
    54.925018310546875,
    50.20492172241211,
    72.17079162597656,
    79.27079772949219,
    123.89066314697266,
    118.2199478149414,
    28.406747817993164,
    123.97203063964844,
    69.27385711669922,
    123.17244720458984,
    102.09847259521484,
    119.61310577392578,
    50.973690032958984,
    19.13339614868164,
    108.4465560913086,
    67.83893585205078,
    11.91025161743164,
    59.4908332824707,
    8.112557411193848,
    122.06426239013672,
    123.09156036376953,
    123.3019027709961,
    81.59949493408203,
    77.95951080322266,
    52.626956939697266,
    76.22515106201172,
    97.47698211669922,
    111.8483657836914,
    123.78784942626953,
    124.7912826538086,
    31.497406005859375,
    9.107203483581543,
    41.7785530090332,
    124.66844177246094,
    83.93985748291016,
    124.05274963378906,
    61.85243225097656,
    122.27152252197266,
    9.61016845703125,
    117.07131958007812,
    48.13861846923828,
    123.82337951660156,
    14.582716941833496,
    99.6200180053711,
    123.85601043701172,
    105.49962615966797,
    121.85176086425781,
    49.51240158081055,
    88.66545867919922,
    60.60874557495117,
    48.18274688720703,
    51.405242919921875,
    108.21338653564453,
    122.93083953857422,
    69.07998657226562,
    124.2851791381836,
    29.924449920654297,
    123.65503692626953,
    105.91779327392578,
    89.02278900146484,
    104.63948822021484,
    123.83246612548828,
    96.47435760498047,
    44.407535552978516,
    45.86385726928711,
    102.36673736572266,
    124.60260772705078,
    43.49583053588867,
    24.72938346862793,
    73.71530151367188,
    22.770450592041016,
    23.789005279541016,
    105.22898864746094,
    20.002010345458984,
    6.92006778717041,
    104.29944610595703,
    112.7192153930664,
    91.89543914794922,
    27.612459182739258,
    64.94449615478516,
    124.40577697753906,
    59.463077545166016,
    55.98929977416992,
    99.94921875,
    16.0994873046875,
    65.86021423339844,
    8.71398639678955,
    88.87432098388672,
    92.6098403930664,
    122.54936218261719,
    20.87736701965332,
    7.260823726654053,
    23.19632911682129
  ],
  "unit_ids": [
    1,
    2,
    3,
    4,
    5,
    6,
    7,
    8,
    9,
    10,
    11,
    12,
    13,
    14,
    15,
    16,
    17,
    18,
    19,
    20,
    21,
    22,
    23,
    24,
    25,
    26,
    27,
    28,
    29,
    30,
    31,
    32,
    33,
    34,
    35,
    36,
    37,
    38,
    39,
    40,
    41,
    42,
    43,
    44,
    45,
    46,
    47,
    48,
    49,
    50,
    51,
    52,
    53,
    54,
    55,
    56,
    57,
    58,
    59,
    60,
    61,
    62,
    63,
    64,
    65,
    66,
    67,
    68,
    69,
    70,
    71,
    72,
    73,
    74,
    75,
    76,
    77,
    78,
    79,
    80,
    81,
    82,
    83,
    84,
    85,
    86,
    87,
    88,
    89,
    90,
    91,
    92,
    93,
    94,
    95,
    96,
    97,
    98,
    99,
    100
  ]
}