{
  "experiment_name": "fd002_world_phase5_universal_v3_residual",
  "dataset": "FD002",
  "model_type": "world_model_universal_v3",
  "encoder_type": "universal_v3",
  "d_model": 96,
  "num_layers": 3,
  "nhead": 4,
  "dim_feedforward": 384,
  "dropout": 0.1,
  "kernel_sizes": [
    3,
    5,
    9
  ],
  "seq_encoder_type": "transformer",
  "decoder_num_layers": 2,
  "num_features": 464,
  "num_conditions": 7,
  "past_len": 30,
  "horizon": 40,
  "max_rul": 125,
  "world_model_config": {
    "forecast_horizon": 40,
    "traj_loss_weight": 1.0,
    "eol_loss_weight": 5.0,
    "hi_loss_weight": 2.0,
    "mono_late_weight": 0.1,
    "mono_global_weight": 0.1,
    "traj_step_weighting": null,
    "use_condition_wise_scaling": true
  },
  "test_metrics": {
    "rmse": 32.546090846207804,
    "mae": 27.59458910084139,
    "bias": 2.6021105055643323,
    "r2": 0.633751761951955,
    "nasa_mean": 16.99287796939535,
    "nasa_sum": 4401.155394073396,
    "num_engines": 259
  },
  "condition_metrics": {
    "0": {
      "num_engines": 37,
      "rmse": 35.27565281306517,
      "mae": 28.36112893594278,
      "bias": -5.245795791213577,
      "r2": 0.6332187556635793
    },
    "1": {
      "num_engines": 61,
      "rmse": 29.736595119949705,
      "mae": 25.24163812105773,
      "bias": 6.806457456995229,
      "r2": 0.6016700477861743
    },
    "2": {
      "num_engines": 40,
      "rmse": 33.18590388063263,
      "mae": 28.437731742858887,
      "bias": 4.925910758972168,
      "r2": 0.6145949878819187
    },
    "3": {
      "num_engines": 41,
      "rmse": 27.64447775049518,
      "mae": 24.269314556587034,
      "bias": 5.9365356259229705,
      "r2": 0.7145016282711041
    },
    "4": {
      "num_engines": 49,
      "rmse": 31.64994892621104,
      "mae": 26.99431726883869,
      "bias": 2.207539383245974,
      "r2": 0.6638721378742317
    },
    "5": {
      "num_engines": 17,
      "rmse": 45.907935412760686,
      "mae": 40.571363785687616,
      "bias": -7.725320928237018,
      "r2": 0.4954642071972988
    },
    "6": {
      "num_engines": 14,
      "rmse": 31.697054817194818,
      "mae": 29.493641717093332,
      "bias": 2.5409853799002513,
      "r2": 0.5905309746308873
    }
  },
  "training_history": {
    "best_epoch": 80,
    "best_val_loss": 2562.0050659094477,
    "final_train_loss": 2702.9384906029713,
    "final_val_loss": 2562.0050659094477
  }
}