{
  "experiment_name": "fd003_phase2_transformer_baseline",
  "dataset": "FD003",
  "phase": "phase2",
  "encoder_type": "transformer",
  "d_model": 48,
  "nhead": 4,
  "num_layers": 3,
  "dim_feedforward": 256,
  "dropout": 0.1,
  "max_len": 300,
  "use_condition_embedding": false,
  "cond_emb_dim": null,
  "smooth_hi_weight": 0.02,
  "rul_beta": 45.0,
  "health_loss_weight": 0.35,
  "mono_late_weight": 0.03,
  "mono_global_weight": 0.003,
  "hi_condition_calib_weight": 0.0,
  "val_rmse": 13.212524390942482,
  "val_mae": 9.852730751037598,
  "val_bias": -4.871575832366943,
  "val_r2": 0.8979467749595642,
  "val_nasa_mean": 3.244379585214447,
  "test_rmse": 12.813300426592656,
  "test_mae": 8.925498299598694,
  "test_bias": -0.02436861515045166,
  "test_r2": 0.8929709572794841,
  "test_nasa_mean": 7.029394914085918
}