{
  "experiment_name": "fd001_phase2_lstm_baseline",
  "dataset": "FD001",
  "phase": "phase2",
  "encoder_type": "lstm",
  "hidden_dim": 50,
  "num_layers": 2,
  "dropout": 0.1,
  "bidirectional": false,
  "use_condition_embedding": false,
  "cond_emb_dim": null,
  "smooth_hi_weight": 0.02,
  "rul_beta": 45.0,
  "health_loss_weight": 0.35,
  "mono_late_weight": 0.03,
  "mono_global_weight": 0.003,
  "hi_condition_calib_weight": 0.0,
  "val_rmse": 13.537729733702525,
  "val_mae": 9.965253829956055,
  "val_bias": -0.5962595343589783,
  "val_r2": 0.8942062258720398,
  "val_nasa_mean": 3.0837441371558616,
  "test_rmse": 15.023588440485362,
  "test_mae": 10.16661967277527,
  "test_bias": -0.30750035285949706,
  "test_r2": 0.8594478002518355,
  "test_nasa_mean": 4.093794050497361
}