{
  "experiment_name": "fd001_phase2_transformer_baseline",
  "dataset": "FD001",
  "phase": "phase2",
  "encoder_type": "transformer",
  "d_model": 48,
  "nhead": 4,
  "num_layers": 3,
  "dim_feedforward": 256,
  "dropout": 0.1,
  "max_len": 300,
  "use_condition_embedding": false,
  "cond_emb_dim": null,
  "smooth_hi_weight": 0.02,
  "rul_beta": 45.0,
  "health_loss_weight": 0.35,
  "mono_late_weight": 0.03,
  "mono_global_weight": 0.003,
  "hi_condition_calib_weight": 0.0,
  "val_rmse": 14.324963336251892,
  "val_mae": 11.533905029296875,
  "val_bias": -3.1364798545837402,
  "val_r2": 0.8815444707870483,
  "val_nasa_mean": 3.157796079410894,
  "test_rmse": 14.848450770593052,
  "test_mae": 11.161355934143067,
  "test_bias": -3.037054328918457,
  "test_r2": 0.8627056775937458,
  "test_nasa_mean": 3.1716540903117236
}