{
  "pointwise": {
    "mse": 473.8923532711343,
    "rmse": 21.769068727695593,
    "mae": 16.846903682215334,
    "bias": 1.4748490132880487,
    "r2": 0.7429779660509532
  },
  "eol": {
    "rmse": 21.769068727695593,
    "mae": 16.846903682215334,
    "bias": 1.4748490132880487,
    "nasa_score_sum": 6015.576791187404,
    "nasa_score_mean": 23.226165216939783,
    "num_engines": 259
  },
  "nasa_pointwise": {
    "score_sum": 6015.576791187404,
    "score_mean": 23.226165216939783
  },
  "nasa_test": {
    "score_sum": 6015.576791187404,
    "score_mean": 23.226165216939783
  },
  "y_true": [
    18.0,
    79.0,
    106.0,
    110.0,
    15.0,
    125.0,
    6.0,
    90.0,
    11.0,
    79.0,
    6.0,
    73.0,
    30.0,
    11.0,
    37.0,
    67.0,
    68.0,
    99.0,
    22.0,
    54.0,
    97.0,
    10.0,
    125.0,
    77.0,
    88.0,
    125.0,
    125.0,
    125.0,
    83.0,
    78.0,
    75.0,
    11.0,
    53.0,
    125.0,
    63.0,
    100.0,
    125.0,
    55.0,
    48.0,
    37.0,
    44.0,
    27.0,
    18.0,
    6.0,
    15.0,
    112.0,
    125.0,
    13.0,
    122.0,
    13.0,
    98.0,
    53.0,
    52.0,
    106.0,
    103.0,
    125.0,
    123.0,
    26.0,
    125.0,
    73.0,
    125.0,
    39.0,
    39.0,
    14.0,
    11.0,
    121.0,
    86.0,
    56.0,
    115.0,
    17.0,
    125.0,
    104.0,
    78.0,
    86.0,
    98.0,
    36.0,
    94.0,
    52.0,
    91.0,
    15.0,
    125.0,
    74.0,
    125.0,
    17.0,
    47.0,
    125.0,
    21.0,
    79.0,
    97.0,
    8.0,
    9.0,
    73.0,
    125.0,
    97.0,
    73.0,
    49.0,
    31.0,
    97.0,
    9.0,
    14.0,
    106.0,
    8.0,
    8.0,
    106.0,
    116.0,
    120.0,
    61.0,
    125.0,
    35.0,
    80.0,
    9.0,
    50.0,
    125.0,
    78.0,
    91.0,
    7.0,
    125.0,
    125.0,
    106.0,
    15.0,
    67.0,
    125.0,
    125.0,
    7.0,
    125.0,
    124.0,
    82.0,
    108.0,
    79.0,
    121.0,
    120.0,
    39.0,
    38.0,
    9.0,
    125.0,
    87.0,
    88.0,
    7.0,
    51.0,
    55.0,
    125.0,
    47.0,
    81.0,
    43.0,
    98.0,
    10.0,
    92.0,
    11.0,
    125.0,
    34.0,
    115.0,
    59.0,
    99.0,
    103.0,
    108.0,
    83.0,
    125.0,
    15.0,
    9.0,
    42.0,
    13.0,
    41.0,
    88.0,
    14.0,
    125.0,
    125.0,
    96.0,
    82.0,
    125.0,
    125.0,
    36.0,
    107.0,
    14.0,
    95.0,
    125.0,
    23.0,
    6.0,
    125.0,
    35.0,
    97.0,
    68.0,
    14.0,
    67.0,
    125.0,
    19.0,
    10.0,
    125.0,
    125.0,
    43.0,
    12.0,
    125.0,
    13.0,
    37.0,
    122.0,
    80.0,
    93.0,
    125.0,
    32.0,
    103.0,
    125.0,
    111.0,
    68.0,
    125.0,
    121.0,
    125.0,
    48.0,
    85.0,
    8.0,
    23.0,
    8.0,
    6.0,
    57.0,
    83.0,
    125.0,
    101.0,
    81.0,
    86.0,
    125.0,
    73.0,
    121.0,
    125.0,
    75.0,
    125.0,
    125.0,
    11.0,
    108.0,
    14.0,
    125.0,
    61.0,
    85.0,
    8.0,
    101.0,
    125.0,
    89.0,
    125.0,
    12.0,
    62.0,
    125.0,
    101.0,
    121.0,
    125.0,
    17.0,
    125.0,
    125.0,
    16.0,
    125.0,
    125.0,
    56.0,
    111.0,
    23.0,
    84.0,
    12.0,
    43.0,
    48.0,
    122.0,
    125.0,
    56.0,
    125.0,
    51.0
  ],
  "y_pred": [
    10.299002647399902,
    107.02935028076172,
    103.59703063964844,
    92.21184539794922,
    16.795156478881836,
    114.76122283935547,
    13.135608673095703,
    60.715675354003906,
    10.060959815979004,
    65.09352111816406,
    35.269500732421875,
    99.65926361083984,
    72.6284408569336,
    6.486623287200928,
    81.96370697021484,
    113.26493072509766,
    66.96268463134766,
    114.89313507080078,
    26.703458786010742,
    76.37120819091797,
    48.50104522705078,
    33.734947204589844,
    111.77155303955078,
    61.40126037597656,
    68.79364776611328,
    113.96710968017578,
    115.1850357055664,
    114.44998931884766,
    107.45398712158203,
    72.58937072753906,
    94.7352523803711,
    23.64760398864746,
    91.12232971191406,
    114.97516632080078,
    104.80097198486328,
    101.29792022705078,
    112.73590850830078,
    40.455604553222656,
    41.519935607910156,
    35.17975616455078,
    31.503503799438477,
    58.364566802978516,
    46.098175048828125,
    33.564247131347656,
    13.30720043182373,
    114.93441009521484,
    97.17444610595703,
    43.10490417480469,
    100.90648651123047,
    24.028730392456055,
    115.31898498535156,
    15.345885276794434,
    70.05696105957031,
    113.40203094482422,
    109.72944641113281,
    115.26139831542969,
    113.48507690429688,
    22.780330657958984,
    113.13587188720703,
    67.1805648803711,
    107.0715103149414,
    26.70899772644043,
    65.13282012939453,
    21.041330337524414,
    19.243249893188477,
    84.90071105957031,
    99.28182983398438,
    45.808143615722656,
    87.87262725830078,
    11.048507690429688,
    109.33810424804688,
    103.03118133544922,
    70.29422760009766,
    113.43437194824219,
    87.34241485595703,
    38.66619873046875,
    112.15815734863281,
    58.23504638671875,
    114.01197052001953,
    8.57580852508545,
    111.30529022216797,
    108.53242492675781,
    114.08036041259766,
    65.4900894165039,
    43.18118667602539,
    105.58629608154297,
    57.712032318115234,
    73.42305755615234,
    92.85430145263672,
    17.591299057006836,
    10.32483959197998,
    97.48900604248047,
    94.12023162841797,
    97.3125991821289,
    28.74727439880371,
    42.129337310791016,
    30.81065559387207,
    98.8731918334961,
    11.897130966186523,
    51.77210235595703,
    115.0351333618164,
    15.403403282165527,
    3.3300893306732178,
    96.59175109863281,
    113.89833068847656,
    113.40238952636719,
    40.3805046081543,
    107.35917663574219,
    64.45308685302734,
    113.11649322509766,
    82.84534454345703,
    74.56885528564453,
    115.13652801513672,
    69.77720642089844,
    68.7095718383789,
    11.945886611938477,
    95.21378326416016,
    114.49187469482422,
    96.61491394042969,
    57.41334533691406,
    108.22001647949219,
    115.29914093017578,
    111.33756256103516,
    7.347385406494141,
    101.25985717773438,
    113.13886260986328,
    73.95625305175781,
    113.06178283691406,
    70.2096939086914,
    105.16765594482422,
    115.0749740600586,
    61.07624816894531,
    52.0966682434082,
    16.31178855895996,
    115.0350112915039,
    87.33623504638672,
    76.86441040039062,
    11.382067680358887,
    63.988037109375,
    49.015926361083984,
    114.37064361572266,
    68.5792007446289,
    106.53618621826172,
    62.169342041015625,
    112.63243865966797,
    31.40589714050293,
    114.14105224609375,
    27.0136661529541,
    74.11009216308594,
    49.019588470458984,
    92.66179656982422,
    97.8563461303711,
    88.19824981689453,
    76.67803955078125,
    114.7411117553711,
    108.7603759765625,
    113.0455322265625,
    24.670156478881836,
    23.635744094848633,
    85.98961639404297,
    12.4858980178833,
    86.35279083251953,
    57.25145721435547,
    10.522208213806152,
    115.31678771972656,
    112.48653411865234,
    106.4795150756836,
    60.695472717285156,
    71.80465698242188,
    98.47245025634766,
    9.379862785339355,
    101.6685562133789,
    12.568268775939941,
    94.0754165649414,
    111.6849365234375,
    50.709320068359375,
    11.804625511169434,
    85.85362243652344,
    103.77422332763672,
    94.54721069335938,
    72.47637176513672,
    25.630002975463867,
    81.97925567626953,
    114.46255493164062,
    12.757150650024414,
    12.550320625305176,
    99.95508575439453,
    114.28874969482422,
    44.502113342285156,
    12.517427444458008,
    115.12482452392578,
    18.24137306213379,
    22.884679794311523,
    114.99223327636719,
    45.235618591308594,
    114.23609161376953,
    114.10028839111328,
    88.44161987304688,
    114.84066772460938,
    102.3235855102539,
    115.26677703857422,
