{
  "experiment_name": "fd003_phase2_lstm_baseline",
  "dataset": "FD003",
  "phase": "phase2",
  "encoder_type": "lstm",
  "hidden_dim": 50,
  "num_layers": 2,
  "dropout": 0.1,
  "bidirectional": false,
  "use_condition_embedding": false,
  "cond_emb_dim": null,
  "smooth_hi_weight": 0.02,
  "rul_beta": 45.0,
  "health_loss_weight": 0.35,
  "mono_late_weight": 0.03,
  "mono_global_weight": 0.003,
  "hi_condition_calib_weight": 0.0,
  "val_rmse": 12.706679406441555,
  "val_mae": 8.979243278503418,
  "val_bias": -4.445338726043701,
  "val_r2": 0.9056114554405212,
  "val_nasa_mean": 2.5696344173250565,
  "test_rmse": 11.83791550576694,
  "test_mae": 8.005844473838806,
  "test_bias": 1.9126612901687623,
  "test_r2": 0.9086454684736427,
  "test_nasa_mean": 2.596958824220313
}