{
  "pointwise": {
    "mse": 502.51560348021064,
    "rmse": 22.416859804178877,
    "mae": 16.697184786373125,
    "bias": 4.878595331000545,
    "r2": 0.7274537527223618
  },
  "eol": {
    "rmse": 22.416859804178877,
    "mae": 16.697184786373125,
    "bias": 4.878595331000545,
    "nasa_score_sum": 4340.635915106263,
    "nasa_score_mean": 16.75921202743731,
    "num_engines": 259
  },
  "nasa_pointwise": {
    "score_sum": 4340.635915106263,
    "score_mean": 16.75921202743731
  },
  "nasa_test": {
    "score_sum": 4340.635915106263,
    "score_mean": 16.75921202743731
  },
  "y_true": [
    18.0,
    79.0,
    106.0,
    110.0,
    15.0,
    125.0,
    6.0,
    90.0,
    11.0,
    79.0,
    6.0,
    73.0,
    30.0,
    11.0,
    37.0,
    67.0,
    68.0,
    99.0,
    22.0,
    54.0,
    97.0,
    10.0,
    125.0,
    77.0,
    88.0,
    125.0,
    125.0,
    125.0,
    83.0,
    78.0,
    75.0,
    11.0,
    53.0,
    125.0,
    63.0,
    100.0,
    125.0,
    55.0,
    48.0,
    37.0,
    44.0,
    27.0,
    18.0,
    6.0,
    15.0,
    112.0,
    125.0,
    13.0,
    122.0,
    13.0,
    98.0,
    53.0,
    52.0,
    106.0,
    103.0,
    125.0,
    123.0,
    26.0,
    125.0,
    73.0,
    125.0,
    39.0,
    39.0,
    14.0,
    11.0,
    121.0,
    86.0,
    56.0,
    115.0,
    17.0,
    125.0,
    104.0,
    78.0,
    86.0,
    98.0,
    36.0,
    94.0,
    52.0,
    91.0,
    15.0,
    125.0,
    74.0,
    125.0,
    17.0,
    47.0,
    125.0,
    21.0,
    79.0,
    97.0,
    8.0,
    9.0,
    73.0,
    125.0,
    97.0,
    73.0,
    49.0,
    31.0,
    97.0,
    9.0,
    14.0,
    106.0,
    8.0,
    8.0,
    106.0,
    116.0,
    120.0,
    61.0,
    125.0,
    35.0,
    80.0,
    9.0,
    50.0,
    125.0,
    78.0,
    91.0,
    7.0,
    125.0,
    125.0,
    106.0,
    15.0,
    67.0,
    125.0,
    125.0,
    7.0,
    125.0,
    124.0,
    82.0,
    108.0,
    79.0,
    121.0,
    120.0,
    39.0,
    38.0,
    9.0,
    125.0,
    87.0,
    88.0,
    7.0,
    51.0,
    55.0,
    125.0,
    47.0,
    81.0,
    43.0,
    98.0,
    10.0,
    92.0,
    11.0,
    125.0,
    34.0,
    115.0,
    59.0,
    99.0,
    103.0,
    108.0,
    83.0,
    125.0,
    15.0,
    9.0,
    42.0,
    13.0,
    41.0,
    88.0,
    14.0,
    125.0,
    125.0,
    96.0,
    82.0,
    125.0,
    125.0,
    36.0,
    107.0,
    14.0,
    95.0,
    125.0,
    23.0,
    6.0,
    125.0,
    35.0,
    97.0,
    68.0,
    14.0,
    67.0,
    125.0,
    19.0,
    10.0,
    125.0,
    125.0,
    43.0,
    12.0,
    125.0,
    13.0,
    37.0,
    122.0,
    80.0,
    93.0,
    125.0,
    32.0,
    103.0,
    125.0,
    111.0,
    68.0,
    125.0,
    121.0,
    125.0,
    48.0,
    85.0,
    8.0,
    23.0,
    8.0,
    6.0,
    57.0,
    83.0,
    125.0,
    101.0,
    81.0,
    86.0,
    125.0,
    73.0,
    121.0,
    125.0,
    75.0,
    125.0,
    125.0,
    11.0,
    108.0,
    14.0,
    125.0,
    61.0,
    85.0,
    8.0,
    101.0,
    125.0,
    89.0,
    125.0,
    12.0,
    62.0,
    125.0,
    101.0,
    121.0,
    125.0,
    17.0,
    125.0,
    125.0,
    16.0,
    125.0,
    125.0,
    56.0,
    111.0,
    23.0,
    84.0,
    12.0,
    43.0,
    48.0,
    122.0,
    125.0,
    56.0,
    125.0,
    51.0
  ],
  "y_pred": [
    10.0260591506958,
    120.9380874633789,
    120.61209869384766,
    41.97100830078125,
    12.933794021606445,
    121.3840560913086,
    13.776269912719727,
    64.07371520996094,
    25.688657760620117,
    91.09497833251953,
    50.37303161621094,
    86.6229019165039,
    62.78704833984375,
    5.62999153137207,
    79.28337097167969,
    110.90628814697266,
    111.18917846679688,
    124.04302215576172,
    16.43751335144043,
    97.8928451538086,
    84.20670318603516,
    31.792112350463867,
    123.80277252197266,
    60.888587951660156,
    96.82099151611328,
    114.75765228271484,
    123.9164047241211,
    122.7092514038086,
    121.89181518554688,
    76.06403350830078,
    113.91101837158203,
    26.42186737060547,
    113.35730743408203,
    122.04888916015625,
    86.1026840209961,
    117.42076873779297,
    122.08342742919922,
    88.81224822998047,
    50.102638244628906,
    39.338340759277344,
    34.72057342529297,
    56.97593688964844,
    27.481639862060547,
    19.052539825439453,
    27.998140335083008,
    117.47836303710938,
    70.7840347290039,
    12.453336715698242,
    112.34185028076172,
    29.318456649780273,
    125.0,
    44.87730407714844,
    47.086265563964844,
    119.99211120605469,
    109.70702362060547,
    124.83735656738281,
    118.54721069335938,
    34.700340270996094,
    88.69112396240234,
    109.33455657958984,
    92.06210327148438,
    26.335948944091797,
    75.06874084472656,
    21.855140686035156,
    12.226085662841797,
    104.72045135498047,
    103.17102813720703,
    33.273406982421875,
    80.65727996826172,
    21.80268669128418,
    118.13841247558594,
    78.01378631591797,
    52.31622314453125,
    99.94066619873047,
    105.8889389038086,
    26.676496505737305,
    107.65322875976562,
    71.6988296508789,
    112.19867706298828,
    11.247281074523926,
    119.18708801269531,
    115.06138610839844,
    110.67752075195312,
    14.582836151123047,
    36.172142028808594,
    100.17798614501953,
    58.35371780395508,
    68.50020599365234,
    82.75189971923828,
    17.702417373657227,
    5.618433952331543,
    110.39458465576172,
    87.74223327636719,
    102.51117706298828,
    57.07691192626953,
    55.95188903808594,
    31.341527938842773,
    120.07301330566406,
    13.937695503234863,
    43.931636810302734,
    124.43633270263672,
    19.40960693359375,
    7.443054676055908,
    117.81102752685547,
    120.7922592163086,
    119.16452026367188,
    84.27572631835938,
    120.4637222290039,
    49.181427001953125,
    106.89801025390625,
    41.58282470703125,
    59.743141174316406,
    124.59978485107422,
    109.79129791259766,
    93.01607513427734,
    13.763917922973633,
    70.3204574584961,
    103.5019302368164,
    79.21111297607422,
    63.79789352416992,
    120.53115844726562,
    124.74117279052734,
    106.45791625976562,
    12.424325942993164,
    114.54924774169922,
    123.08496856689453,
    84.7601318359375,
    121.8072738647461,
    65.92430114746094,
    110.52119445800781,
    124.1662368774414,
    48.67463684082031,
    54.5171012878418,
    4.7252278327941895,
    123.25804901123047,
    113.79134368896484,
    111.48181915283203,
    17.536893844604492,
    88.02493286132812,
    44.936363220214844,
    119.39945983886719,
    65.88349914550781,
    107.9138412475586,
    67.56449127197266,
    85.83515167236328,
    18.332090377807617,
    118.9025650024414,
    30.840486526489258,
    121.08346557617188,
    25.767995834350586,
    96.2762451171875,
    105.1988525390625,
    83.0703353881836,
    104.18495178222656,
    124.4405288696289,
    108.50359344482422,
    122.82903289794922,
    40.129417419433594,
    18.150753021240234,
    55.93562316894531,
    19.940446853637695,
    74.2529525756836,
    74.48538970947266,
    19.349599838256836,
    124.57563781738281,
    120.30015563964844,
    94.43953704833984,
    93.53833770751953,
    90.18010711669922,
    75.25591278076172,
    24.64671516418457,
    103.57003784179688,
    54.406185150146484,
    98.73003387451172,
    119.80904388427734,
    39.28990936279297,
    15.772388458251953,
    101.15239715576172,
    94.80985260009766,
    101.95587921142578,
    71.07933807373047,
    27.6105899810791,
    120.22540283203125,
    123.99039459228516,
    1.4579145908355713,
    18.06669044494629,
    96.27336120605469,
    110.12876892089844,
    55.69365310668945,
    9.465322494506836,
    119.42106628417969,
    14.362730026245117,
    15.314961433410645,
    124.43391418457031,
    59.610862731933594,
    110.5566177368164,
    122.84286499023438,
    64.423095703125,
    117.9195556640625,
    107.72612762451172,
    125.0,
    108.86568450927734,
