{
  "pointwise": {
    "mse": 171.7018303386627,
    "rmse": 13.103504505996199,
    "mae": 8.578506135940552,
    "bias": 1.2611766529083253,
    "r2": 0.8880679267645687
  },
  "eol": {
    "rmse": 13.103504505996199,
    "mae": 8.578506135940552,
    "bias": 1.2611766529083253,
    "nasa_score_sum": 309.7619524779841,
    "nasa_score_mean": 3.097619524779841,
    "num_engines": 100
  },
  "nasa_pointwise": {
    "score_sum": 309.7619524779841,
    "score_mean": 3.097619524779841
  },
  "nasa_test": {
    "score_sum": 309.7619524779841,
    "score_mean": 3.097619524779841
  },
  "y_true": [
    44.0,
    51.0,
    27.0,
    120.0,
    101.0,
    99.0,
    71.0,
    55.0,
    55.0,
    66.0,
    77.0,
    115.0,
    115.0,
    31.0,
    108.0,
    56.0,
    125.0,
    125.0,
    85.0,
    56.0,
    18.0,
    119.0,
    78.0,
    9.0,
    58.0,
    11.0,
    88.0,
    125.0,
    124.0,
    89.0,
    79.0,
    55.0,
    71.0,
    65.0,
    87.0,
    125.0,
    125.0,
    22.0,
    8.0,
    41.0,
    125.0,
    115.0,
    125.0,
    69.0,
    111.0,
    7.0,
    125.0,
    55.0,
    125.0,
    11.0,
    78.0,
    120.0,
    87.0,
    87.0,
    55.0,
    93.0,
    88.0,
    40.0,
    49.0,
    125.0,
    125.0,
    58.0,
    117.0,
    28.0,
    115.0,
    87.0,
    92.0,
    103.0,
    100.0,
    63.0,
    35.0,
    45.0,
    99.0,
    117.0,
    45.0,
    27.0,
    86.0,
    20.0,
    18.0,
    125.0,
    15.0,
    6.0,
    125.0,
    104.0,
    56.0,
    25.0,
    68.0,
    125.0,
    41.0,
    51.0,
    81.0,
    14.0,
    67.0,
    10.0,
    125.0,
    113.0,
    123.0,
    17.0,
    8.0,
    28.0
  ],
  "y_pred": [
    42.9466552734375,
    48.52857971191406,
    24.15273094177246,
    124.60028839111328,
    89.49146270751953,
    123.46923828125,
    69.36677551269531,
    58.18898391723633,
    41.963768005371094,
    78.26313781738281,
    68.88922119140625,
    123.46229553222656,
    86.78436279296875,
    25.91169548034668,
    123.77247619628906,
    60.149803161621094,
    122.81072998046875,
    122.09148406982422,
    110.42574310302734,
    53.67033386230469,
    17.380109786987305,
    118.97847747802734,
    62.968624114990234,
    10.046941757202148,
    48.690216064453125,
    7.391932010650635,
    112.1091079711914,
    123.19721984863281,
    122.8165283203125,
    84.92170715332031,
    68.36723327636719,
    55.416725158691406,
    57.333919525146484,
    100.48779296875,
    97.91520690917969,
    124.7225341796875,
    125.0,
    27.719623565673828,
    5.010135173797607,
    40.63014602661133,
    124.95271301269531,
    103.54531860351562,
    123.1204833984375,
    54.56571960449219,
    124.74581909179688,
    7.174365997314453,
    115.27445220947266,
    57.160911560058594,
    121.82452392578125,
    13.003532409667969,
    91.62871551513672,
    124.59788513183594,
    113.30209350585938,
    120.22052001953125,
    52.804161071777344,
    80.7115478515625,
    87.67233276367188,
    44.42234420776367,
    47.132102966308594,
    118.35335540771484,
    125.0,
    65.20646667480469,
    105.71702575683594,
    24.09163475036621,
    124.85546875,
    91.7840576171875,
    94.24005889892578,
    109.8366470336914,
    121.9979248046875,
    92.1070556640625,
    34.442054748535156,
    45.710105895996094,
    109.5892333984375,
    125.0,
    44.04685974121094,
    36.739742279052734,
    89.34442901611328,
    20.03431510925293,
    22.826513290405273,
    122.75323486328125,
    15.724152565002441,
    5.069280624389648,
    99.49604034423828,
    85.88946533203125,
    78.64559936523438,
    26.340177536010742,
    54.47443771362305,
    124.77983856201172,
    56.65668869018555,
    56.08673858642578,
    120.81478118896484,
    16.434654235839844,
    70.09965515136719,
    11.009418487548828,
    88.3200912475586,
    71.28031158447266,
    121.79995727539062,
    19.02962875366211,
    10.549213409423828,
    28.037860870361328
  ],
  "unit_ids": [
    1,
    2,
    3,
    4,
    5,
    6,
    7,
    8,
    9,
    10,
    11,
    12,
    13,
    14,
    15,
    16,
    17,
    18,
    19,
    20,
    21,
    22,
    23,
    24,
    25,
    26,
    27,
    28,
    29,
    30,
    31,
    32,
    33,
    34,
    35,
    36,
    37,
    38,
    39,
    40,
    41,
    42,
    43,
    44,
    45,
    46,
    47,
    48,
    49,
    50,
    51,
    52,
    53,
    54,
    55,
    56,
    57,
    58,
    59,
    60,
    61,
    62,
    63,
    64,
    65,
    66,
    67,
    68,
    69,
    70,
    71,
    72,
    73,
    74,
    75,
    76,
    77,
    78,
    79,
    80,
    81,
    82,
    83,
    84,
    85,
    86,
    87,
    88,
    89,
    90,
    91,
    92,
    93,
    94,
    95,
    96,
    97,
    98,
    99,
    100
  ]
}