{
  "experiment_name": "fd004_phase2_baseline",
  "dataset": "FD004",
  "phase": "phase2_baseline",
  "use_condition_embedding": true,
  "cond_emb_dim": 4,
  "smooth_hi_weight": 0.02,
  "encoder_type": "lstm",
  "rul_beta": 45.0,
  "health_loss_weight": 0.35,
  "mono_late_weight": 0.03,
  "mono_global_weight": 0.003,
  "val_rmse": 24.7333324065641,
  "val_mae": 19.138347625732422,
  "val_bias": -8.646960258483887,
  "val_r2": 0.6413710117340088,
  "val_nasa_mean": 41.29848255606978,
  "test_rmse": 25.730727696223276,
  "test_mae": 20.096037189806662,
  "test_bias": -4.593276987152715,
  "test_r2": 0.6416164475121272,
  "test_nasa_mean": 55.773417364096346
}